file	line	module	top_level_module	kind
cellpose_pipeline/report/classification_report_common.py	4	__future__	__future__	from
cellpose_pipeline/report/classification_report_common.py	6	csv	csv	import
cellpose_pipeline/report/classification_report_common.py	7	html	html	import
cellpose_pipeline/report/classification_report_common.py	8	importlib.util	importlib	import
cellpose_pipeline/report/classification_report_common.py	9	json	json	import
cellpose_pipeline/report/classification_report_common.py	10	math	math	import
cellpose_pipeline/report/classification_report_common.py	11	os	os	import
cellpose_pipeline/report/classification_report_common.py	12	sys	sys	import
cellpose_pipeline/report/classification_report_common.py	13	datetime	datetime	from
cellpose_pipeline/report/classification_report_common.py	14	pathlib	pathlib	from
cellpose_pipeline/report/classification_report_common.py	15	typing	typing	from
cellpose_pipeline/report/classification_report_common.py	36	PIL	PIL	from
cellpose_pipeline/report/dead_classification_current_run_report.py	4	__future__	__future__	from
cellpose_pipeline/report/dead_classification_current_run_report.py	6	csv	csv	import
cellpose_pipeline/report/dead_classification_current_run_report.py	7	json	json	import
cellpose_pipeline/report/dead_classification_current_run_report.py	8	datetime	datetime	from
cellpose_pipeline/report/dead_classification_current_run_report.py	9	pathlib	pathlib	from
cellpose_pipeline/report/dead_classification_current_run_report.py	10	typing	typing	from
cellpose_pipeline/report/dead_classification_current_run_report.py	12	PIL	PIL	from
cellpose_pipeline/report/dead_classification_current_run_report.py	303	html	html	import
cellpose_pipeline/report/generate_dead_classification_improvement_report.py	11	__future__	__future__	from
cellpose_pipeline/report/generate_dead_classification_improvement_report.py	13	argparse	argparse	import
cellpose_pipeline/report/generate_dead_classification_improvement_report.py	14	csv	csv	import
cellpose_pipeline/report/generate_dead_classification_improvement_report.py	15	importlib.util	importlib	import
cellpose_pipeline/report/generate_dead_classification_improvement_report.py	16	json	json	import
cellpose_pipeline/report/generate_dead_classification_improvement_report.py	17	math	math	import
cellpose_pipeline/report/generate_dead_classification_improvement_report.py	18	os	os	import
cellpose_pipeline/report/generate_dead_classification_improvement_report.py	19	sys	sys	import
cellpose_pipeline/report/generate_dead_classification_improvement_report.py	20	datetime	datetime	from
cellpose_pipeline/report/generate_dead_classification_improvement_report.py	21	pathlib	pathlib	from
cellpose_pipeline/report/generate_dead_classification_improvement_report.py	22	typing	typing	from
cellpose_pipeline/report/generate_dead_classification_improvement_report.py	42	PIL	PIL	from
cellpose_pipeline/report/generate_full_classification_report.py	4	__future__	__future__	from
cellpose_pipeline/report/generate_full_classification_report.py	6	argparse	argparse	import
cellpose_pipeline/report/generate_full_classification_report.py	7	csv	csv	import
cellpose_pipeline/report/generate_full_classification_report.py	8	importlib.util	importlib	import
cellpose_pipeline/report/generate_full_classification_report.py	9	json	json	import
cellpose_pipeline/report/generate_full_classification_report.py	10	math	math	import
cellpose_pipeline/report/generate_full_classification_report.py	11	statistics	statistics	import
cellpose_pipeline/report/generate_full_classification_report.py	12	sys	sys	import
cellpose_pipeline/report/generate_full_classification_report.py	13	collections	collections	from
cellpose_pipeline/report/generate_full_classification_report.py	14	pathlib	pathlib	from
cellpose_pipeline/report/generate_full_classification_report.py	15	typing	typing	from
cellpose_pipeline/report/generate_full_classification_report.py	17	numpy	numpy	import
cellpose_pipeline/report/generate_full_classification_report.py	18	tifffile	tifffile	import
cellpose_pipeline/report/generate_full_classification_report.py	19	PIL	PIL	from
cellpose_pipeline/report/generate_late_dead_d0_d5_calibration_report.py	4	__future__	__future__	from
cellpose_pipeline/report/generate_late_dead_d0_d5_calibration_report.py	6	argparse	argparse	import
cellpose_pipeline/report/generate_late_dead_d0_d5_calibration_report.py	7	importlib.util	importlib	import
cellpose_pipeline/report/generate_late_dead_d0_d5_calibration_report.py	8	json	json	import
cellpose_pipeline/report/generate_late_dead_d0_d5_calibration_report.py	9	statistics	statistics	import
cellpose_pipeline/report/generate_late_dead_d0_d5_calibration_report.py	10	sys	sys	import
cellpose_pipeline/report/generate_late_dead_d0_d5_calibration_report.py	11	collections	collections	from
cellpose_pipeline/report/generate_late_dead_d0_d5_calibration_report.py	12	pathlib	pathlib	from
cellpose_pipeline/report/generate_late_dead_d0_d5_calibration_report.py	13	typing	typing	from
cellpose_pipeline/report/generate_results_analysis_report.py	11	__future__	__future__	from
cellpose_pipeline/report/generate_results_analysis_report.py	13	argparse	argparse	import
cellpose_pipeline/report/generate_results_analysis_report.py	14	base64	base64	import
cellpose_pipeline/report/generate_results_analysis_report.py	15	csv	csv	import
cellpose_pipeline/report/generate_results_analysis_report.py	16	hashlib	hashlib	import
cellpose_pipeline/report/generate_results_analysis_report.py	17	html	html	import
cellpose_pipeline/report/generate_results_analysis_report.py	18	io	io	import
cellpose_pipeline/report/generate_results_analysis_report.py	19	json	json	import
cellpose_pipeline/report/generate_results_analysis_report.py	20	math	math	import
cellpose_pipeline/report/generate_results_analysis_report.py	21	os	os	import
cellpose_pipeline/report/generate_results_analysis_report.py	22	re	re	import
cellpose_pipeline/report/generate_results_analysis_report.py	23	subprocess	subprocess	import
cellpose_pipeline/report/generate_results_analysis_report.py	24	sys	sys	import
cellpose_pipeline/report/generate_results_analysis_report.py	25	tempfile	tempfile	import
cellpose_pipeline/report/generate_results_analysis_report.py	26	dataclasses	dataclasses	from
cellpose_pipeline/report/generate_results_analysis_report.py	27	datetime	datetime	from
cellpose_pipeline/report/generate_results_analysis_report.py	28	functools	functools	from
cellpose_pipeline/report/generate_results_analysis_report.py	29	pathlib	pathlib	from
cellpose_pipeline/report/generate_results_analysis_report.py	30	typing	typing	from
cellpose_pipeline/report/generate_results_analysis_report.py	34	numpy	numpy	import
cellpose_pipeline/report/generate_results_analysis_report.py	35	tifffile	tifffile	import
cellpose_pipeline/report/generate_results_analysis_report.py	36	PIL	PIL	from
cellpose_pipeline/scripts/01_segment_images.py	2	__future__	__future__	from
cellpose_pipeline/scripts/01_segment_images.py	4	argparse	argparse	import
cellpose_pipeline/scripts/01_segment_images.py	5	csv	csv	import
cellpose_pipeline/scripts/01_segment_images.py	6	inspect	inspect	import
cellpose_pipeline/scripts/01_segment_images.py	7	json	json	import
cellpose_pipeline/scripts/01_segment_images.py	8	os	os	import
cellpose_pipeline/scripts/01_segment_images.py	9	re	re	import
cellpose_pipeline/scripts/01_segment_images.py	10	subprocess	subprocess	import
cellpose_pipeline/scripts/01_segment_images.py	11	sys	sys	import
cellpose_pipeline/scripts/01_segment_images.py	12	time	time	import
cellpose_pipeline/scripts/01_segment_images.py	13	dataclasses	dataclasses	from
cellpose_pipeline/scripts/01_segment_images.py	14	importlib	importlib	from
cellpose_pipeline/scripts/01_segment_images.py	15	pathlib	pathlib	from
cellpose_pipeline/scripts/01_segment_images.py	16	typing	typing	from
cellpose_pipeline/scripts/01_segment_images.py	18	cv2	cv2	import
cellpose_pipeline/scripts/01_segment_images.py	19	numpy	numpy	import
cellpose_pipeline/scripts/01_segment_images.py	20	tifffile	tifffile	import
cellpose_pipeline/scripts/01_segment_images.py	21	PIL	PIL	from
cellpose_pipeline/scripts/01_segment_images.py	22	scipy	scipy	from
cellpose_pipeline/scripts/01_segment_images.py	23	scipy.spatial	scipy	from
cellpose_pipeline/scripts/01_segment_images.py	30	nuclei_segmentation_utils	nuclei_segmentation_utils	from
cellpose_pipeline/scripts/01_segment_images.py	186	cellpose	cellpose	from
cellpose_pipeline/scripts/01_segment_images.py	211	cellpose	cellpose	from
cellpose_pipeline/scripts/02_call_high_density_from_nuclei_masks.py	2	__future__	__future__	from
cellpose_pipeline/scripts/02_call_high_density_from_nuclei_masks.py	4	argparse	argparse	import
cellpose_pipeline/scripts/02_call_high_density_from_nuclei_masks.py	5	csv	csv	import
cellpose_pipeline/scripts/02_call_high_density_from_nuclei_masks.py	6	re	re	import
cellpose_pipeline/scripts/02_call_high_density_from_nuclei_masks.py	7	pathlib	pathlib	from
cellpose_pipeline/scripts/02_call_high_density_from_nuclei_masks.py	8	typing	typing	from
cellpose_pipeline/scripts/02_call_high_density_from_nuclei_masks.py	10	numpy	numpy	import
cellpose_pipeline/scripts/02_call_high_density_from_nuclei_masks.py	11	tifffile	tifffile	import
cellpose_pipeline/scripts/02_call_high_density_from_nuclei_masks.py	12	scipy	scipy	from
cellpose_pipeline/scripts/02_call_high_density_from_nuclei_masks.py	13	scipy.spatial	scipy	from
cellpose_pipeline/scripts/03_calibrate_dead_combined_blue.py	10	__future__	__future__	from
cellpose_pipeline/scripts/03_calibrate_dead_combined_blue.py	12	argparse	argparse	import
cellpose_pipeline/scripts/03_calibrate_dead_combined_blue.py	13	csv	csv	import
cellpose_pipeline/scripts/03_calibrate_dead_combined_blue.py	14	hashlib	hashlib	import
cellpose_pipeline/scripts/03_calibrate_dead_combined_blue.py	15	json	json	import
cellpose_pipeline/scripts/03_calibrate_dead_combined_blue.py	16	math	math	import
cellpose_pipeline/scripts/03_calibrate_dead_combined_blue.py	17	os	os	import
cellpose_pipeline/scripts/03_calibrate_dead_combined_blue.py	18	re	re	import
cellpose_pipeline/scripts/03_calibrate_dead_combined_blue.py	19	pathlib	pathlib	from
cellpose_pipeline/scripts/03_calibrate_dead_combined_blue.py	20	typing	typing	from
cellpose_pipeline/scripts/03_calibrate_dead_combined_blue.py	22	numpy	numpy	import
cellpose_pipeline/scripts/03_calibrate_dead_combined_blue.py	23	tifffile	tifffile	import
cellpose_pipeline/scripts/03_calibrate_dead_combined_blue.py	430	matplotlib.pyplot	matplotlib	import
cellpose_pipeline/scripts/04_segment_dead_with_combined_blue_consensus.py	4	__future__	__future__	from
cellpose_pipeline/scripts/04_segment_dead_with_combined_blue_consensus.py	6	argparse	argparse	import
cellpose_pipeline/scripts/04_segment_dead_with_combined_blue_consensus.py	7	csv	csv	import
cellpose_pipeline/scripts/04_segment_dead_with_combined_blue_consensus.py	8	importlib.util	importlib	import
cellpose_pipeline/scripts/04_segment_dead_with_combined_blue_consensus.py	9	json	json	import
cellpose_pipeline/scripts/04_segment_dead_with_combined_blue_consensus.py	10	os	os	import
cellpose_pipeline/scripts/04_segment_dead_with_combined_blue_consensus.py	11	sys	sys	import
cellpose_pipeline/scripts/04_segment_dead_with_combined_blue_consensus.py	12	time	time	import
cellpose_pipeline/scripts/04_segment_dead_with_combined_blue_consensus.py	13	dataclasses	dataclasses	from
cellpose_pipeline/scripts/04_segment_dead_with_combined_blue_consensus.py	14	pathlib	pathlib	from
cellpose_pipeline/scripts/04_segment_dead_with_combined_blue_consensus.py	15	typing	typing	from
cellpose_pipeline/scripts/04_segment_dead_with_combined_blue_consensus.py	17	numpy	numpy	import
cellpose_pipeline/scripts/04_segment_dead_with_combined_blue_consensus.py	18	tifffile	tifffile	import
cellpose_pipeline/scripts/04_segment_dead_with_combined_blue_consensus.py	19	scipy	scipy	from
cellpose_pipeline/scripts/04_segment_dead_with_combined_blue_consensus.py	20	scipy.spatial	scipy	from
cellpose_pipeline/scripts/04_segment_dead_with_combined_blue_consensus.py	182	cellpose	cellpose	from
cellpose_pipeline/scripts/05_merge_dead_consensus_outputs.py	4	__future__	__future__	from
cellpose_pipeline/scripts/05_merge_dead_consensus_outputs.py	6	argparse	argparse	import
cellpose_pipeline/scripts/05_merge_dead_consensus_outputs.py	7	csv	csv	import
cellpose_pipeline/scripts/05_merge_dead_consensus_outputs.py	8	json	json	import
cellpose_pipeline/scripts/05_merge_dead_consensus_outputs.py	9	os	os	import
cellpose_pipeline/scripts/05_merge_dead_consensus_outputs.py	10	collections	collections	from
cellpose_pipeline/scripts/05_merge_dead_consensus_outputs.py	11	pathlib	pathlib	from
cellpose_pipeline/scripts/05_merge_dead_consensus_outputs.py	12	typing	typing	from
cellpose_pipeline/scripts/06_build_postsegmentation_field_manifest.py	10	__future__	__future__	from
cellpose_pipeline/scripts/06_build_postsegmentation_field_manifest.py	12	argparse	argparse	import
cellpose_pipeline/scripts/06_build_postsegmentation_field_manifest.py	13	csv	csv	import
cellpose_pipeline/scripts/06_build_postsegmentation_field_manifest.py	14	hashlib	hashlib	import
cellpose_pipeline/scripts/06_build_postsegmentation_field_manifest.py	15	importlib.util	importlib	import
cellpose_pipeline/scripts/06_build_postsegmentation_field_manifest.py	16	json	json	import
cellpose_pipeline/scripts/06_build_postsegmentation_field_manifest.py	17	os	os	import
cellpose_pipeline/scripts/06_build_postsegmentation_field_manifest.py	18	re	re	import
cellpose_pipeline/scripts/06_build_postsegmentation_field_manifest.py	19	sys	sys	import
cellpose_pipeline/scripts/06_build_postsegmentation_field_manifest.py	20	collections	collections	from
cellpose_pipeline/scripts/06_build_postsegmentation_field_manifest.py	21	pathlib	pathlib	from
cellpose_pipeline/scripts/06_build_postsegmentation_field_manifest.py	22	typing	typing	from
cellpose_pipeline/scripts/07_build_nucleated_cell_branch.py	4	__future__	__future__	from
cellpose_pipeline/scripts/07_build_nucleated_cell_branch.py	6	argparse	argparse	import
cellpose_pipeline/scripts/07_build_nucleated_cell_branch.py	7	csv	csv	import
cellpose_pipeline/scripts/07_build_nucleated_cell_branch.py	8	json	json	import
cellpose_pipeline/scripts/07_build_nucleated_cell_branch.py	9	os	os	import
cellpose_pipeline/scripts/07_build_nucleated_cell_branch.py	10	re	re	import
cellpose_pipeline/scripts/07_build_nucleated_cell_branch.py	11	pathlib	pathlib	from
cellpose_pipeline/scripts/07_build_nucleated_cell_branch.py	12	typing	typing	from
cellpose_pipeline/scripts/07_build_nucleated_cell_branch.py	14	numpy	numpy	import
cellpose_pipeline/scripts/07_build_nucleated_cell_branch.py	15	tifffile	tifffile	import
cellpose_pipeline/scripts/07_build_nucleated_cell_branch.py	16	PIL	PIL	from
cellpose_pipeline/scripts/08_fuse_multichannel_classification.py	2	__future__	__future__	from
cellpose_pipeline/scripts/08_fuse_multichannel_classification.py	4	argparse	argparse	import
cellpose_pipeline/scripts/08_fuse_multichannel_classification.py	5	csv	csv	import
cellpose_pipeline/scripts/08_fuse_multichannel_classification.py	6	importlib.util	importlib	import
cellpose_pipeline/scripts/08_fuse_multichannel_classification.py	7	json	json	import
cellpose_pipeline/scripts/08_fuse_multichannel_classification.py	8	math	math	import
cellpose_pipeline/scripts/08_fuse_multichannel_classification.py	9	os	os	import
cellpose_pipeline/scripts/08_fuse_multichannel_classification.py	10	re	re	import
cellpose_pipeline/scripts/08_fuse_multichannel_classification.py	11	sys	sys	import
cellpose_pipeline/scripts/08_fuse_multichannel_classification.py	12	dataclasses	dataclasses	from
cellpose_pipeline/scripts/08_fuse_multichannel_classification.py	13	pathlib	pathlib	from
cellpose_pipeline/scripts/08_fuse_multichannel_classification.py	14	typing	typing	from
cellpose_pipeline/scripts/08_fuse_multichannel_classification.py	16	numpy	numpy	import
cellpose_pipeline/scripts/08_fuse_multichannel_classification.py	17	tifffile	tifffile	import
cellpose_pipeline/scripts/08_fuse_multichannel_classification.py	18	PIL	PIL	from
cellpose_pipeline/scripts/09_apply_shape_aware_nucleus_splits.py	10	__future__	__future__	from
cellpose_pipeline/scripts/09_apply_shape_aware_nucleus_splits.py	12	argparse	argparse	import
cellpose_pipeline/scripts/09_apply_shape_aware_nucleus_splits.py	13	csv	csv	import
cellpose_pipeline/scripts/09_apply_shape_aware_nucleus_splits.py	14	importlib.util	importlib	import
cellpose_pipeline/scripts/09_apply_shape_aware_nucleus_splits.py	15	json	json	import
cellpose_pipeline/scripts/09_apply_shape_aware_nucleus_splits.py	16	math	math	import
cellpose_pipeline/scripts/09_apply_shape_aware_nucleus_splits.py	17	os	os	import
cellpose_pipeline/scripts/09_apply_shape_aware_nucleus_splits.py	18	re	re	import
cellpose_pipeline/scripts/09_apply_shape_aware_nucleus_splits.py	19	sys	sys	import
cellpose_pipeline/scripts/09_apply_shape_aware_nucleus_splits.py	20	collections	collections	from
cellpose_pipeline/scripts/09_apply_shape_aware_nucleus_splits.py	21	dataclasses	dataclasses	from
cellpose_pipeline/scripts/09_apply_shape_aware_nucleus_splits.py	22	pathlib	pathlib	from
cellpose_pipeline/scripts/09_apply_shape_aware_nucleus_splits.py	23	typing	typing	from
cellpose_pipeline/scripts/09_apply_shape_aware_nucleus_splits.py	25	cv2	cv2	import
cellpose_pipeline/scripts/09_apply_shape_aware_nucleus_splits.py	26	numpy	numpy	import
cellpose_pipeline/scripts/09_apply_shape_aware_nucleus_splits.py	27	tifffile	tifffile	import
cellpose_pipeline/scripts/09_apply_shape_aware_nucleus_splits.py	28	PIL	PIL	from
cellpose_pipeline/scripts/09_apply_shape_aware_nucleus_splits.py	29	scipy	scipy	from
cellpose_pipeline/scripts/09_apply_shape_aware_nucleus_splits.py	30	skimage.feature	skimage	from
cellpose_pipeline/scripts/09_apply_shape_aware_nucleus_splits.py	31	skimage.segmentation	skimage	from
cellpose_pipeline/scripts/10_merge_shape_strict_shards.py	10	__future__	__future__	from
cellpose_pipeline/scripts/10_merge_shape_strict_shards.py	12	argparse	argparse	import
cellpose_pipeline/scripts/10_merge_shape_strict_shards.py	13	csv	csv	import
cellpose_pipeline/scripts/10_merge_shape_strict_shards.py	14	importlib.util	importlib	import
cellpose_pipeline/scripts/10_merge_shape_strict_shards.py	15	json	json	import
cellpose_pipeline/scripts/10_merge_shape_strict_shards.py	16	os	os	import
cellpose_pipeline/scripts/10_merge_shape_strict_shards.py	17	re	re	import
cellpose_pipeline/scripts/10_merge_shape_strict_shards.py	18	statistics	statistics	import
cellpose_pipeline/scripts/10_merge_shape_strict_shards.py	19	sys	sys	import
cellpose_pipeline/scripts/10_merge_shape_strict_shards.py	20	collections	collections	from
cellpose_pipeline/scripts/10_merge_shape_strict_shards.py	21	pathlib	pathlib	from
cellpose_pipeline/scripts/10_merge_shape_strict_shards.py	22	typing	typing	from
cellpose_pipeline/scripts/11_render_shape_aware_nucleus_split_qc.py	4	__future__	__future__	from
cellpose_pipeline/scripts/11_render_shape_aware_nucleus_split_qc.py	6	argparse	argparse	import
cellpose_pipeline/scripts/11_render_shape_aware_nucleus_split_qc.py	7	csv	csv	import
cellpose_pipeline/scripts/11_render_shape_aware_nucleus_split_qc.py	8	json	json	import
cellpose_pipeline/scripts/11_render_shape_aware_nucleus_split_qc.py	9	re	re	import
cellpose_pipeline/scripts/11_render_shape_aware_nucleus_split_qc.py	10	collections	collections	from
cellpose_pipeline/scripts/11_render_shape_aware_nucleus_split_qc.py	11	pathlib	pathlib	from
cellpose_pipeline/scripts/11_render_shape_aware_nucleus_split_qc.py	12	typing	typing	from
cellpose_pipeline/scripts/11_render_shape_aware_nucleus_split_qc.py	14	numpy	numpy	import
cellpose_pipeline/scripts/11_render_shape_aware_nucleus_split_qc.py	15	tifffile	tifffile	import
cellpose_pipeline/scripts/11_render_shape_aware_nucleus_split_qc.py	16	PIL	PIL	from
cellpose_pipeline/scripts/11_render_shape_aware_nucleus_split_qc.py	17	scipy	scipy	from
cellpose_pipeline/scripts/12_finalize_shape_strict_qc.py	4	__future__	__future__	from
cellpose_pipeline/scripts/12_finalize_shape_strict_qc.py	6	argparse	argparse	import
cellpose_pipeline/scripts/12_finalize_shape_strict_qc.py	7	csv	csv	import
cellpose_pipeline/scripts/12_finalize_shape_strict_qc.py	8	json	json	import
cellpose_pipeline/scripts/12_finalize_shape_strict_qc.py	9	math	math	import
cellpose_pipeline/scripts/12_finalize_shape_strict_qc.py	10	os	os	import
cellpose_pipeline/scripts/12_finalize_shape_strict_qc.py	11	pathlib	pathlib	from
cellpose_pipeline/scripts/12_finalize_shape_strict_qc.py	12	typing	typing	from
cellpose_pipeline/scripts/12_finalize_shape_strict_qc.py	14	PIL	PIL	from
cellpose_pipeline/scripts/13_build_late_dead_trajectory_dataset.py	10	__future__	__future__	from
cellpose_pipeline/scripts/13_build_late_dead_trajectory_dataset.py	12	argparse	argparse	import
cellpose_pipeline/scripts/13_build_late_dead_trajectory_dataset.py	13	csv	csv	import
cellpose_pipeline/scripts/13_build_late_dead_trajectory_dataset.py	14	hashlib	hashlib	import
cellpose_pipeline/scripts/13_build_late_dead_trajectory_dataset.py	15	json	json	import
cellpose_pipeline/scripts/13_build_late_dead_trajectory_dataset.py	16	math	math	import
cellpose_pipeline/scripts/13_build_late_dead_trajectory_dataset.py	17	os	os	import
cellpose_pipeline/scripts/13_build_late_dead_trajectory_dataset.py	18	concurrent.futures	concurrent	from
cellpose_pipeline/scripts/13_build_late_dead_trajectory_dataset.py	19	pathlib	pathlib	from
cellpose_pipeline/scripts/13_build_late_dead_trajectory_dataset.py	20	typing	typing	from
cellpose_pipeline/scripts/13_build_late_dead_trajectory_dataset.py	22	numpy	numpy	import
cellpose_pipeline/scripts/13_build_late_dead_trajectory_dataset.py	23	pandas	pandas	import
cellpose_pipeline/scripts/13_build_late_dead_trajectory_dataset.py	24	tifffile	tifffile	import
cellpose_pipeline/scripts/13_build_late_dead_trajectory_dataset.py	25	scipy	scipy	from
cellpose_pipeline/scripts/13_build_late_dead_trajectory_dataset.py	26	scipy.spatial	scipy	from
cellpose_pipeline/scripts/13_build_late_dead_trajectory_dataset.py	27	skimage.measure	skimage	from
cellpose_pipeline/scripts/14_apply_late_dead_trajectory_refinement.py	11	__future__	__future__	from
cellpose_pipeline/scripts/14_apply_late_dead_trajectory_refinement.py	13	argparse	argparse	import
cellpose_pipeline/scripts/14_apply_late_dead_trajectory_refinement.py	14	csv	csv	import
cellpose_pipeline/scripts/14_apply_late_dead_trajectory_refinement.py	15	hashlib	hashlib	import
cellpose_pipeline/scripts/14_apply_late_dead_trajectory_refinement.py	16	importlib.util	importlib	import
cellpose_pipeline/scripts/14_apply_late_dead_trajectory_refinement.py	17	json	json	import
cellpose_pipeline/scripts/14_apply_late_dead_trajectory_refinement.py	18	math	math	import
cellpose_pipeline/scripts/14_apply_late_dead_trajectory_refinement.py	19	os	os	import
cellpose_pipeline/scripts/14_apply_late_dead_trajectory_refinement.py	20	sys	sys	import
cellpose_pipeline/scripts/14_apply_late_dead_trajectory_refinement.py	21	concurrent.futures	concurrent	from
cellpose_pipeline/scripts/14_apply_late_dead_trajectory_refinement.py	22	pathlib	pathlib	from
cellpose_pipeline/scripts/14_apply_late_dead_trajectory_refinement.py	23	typing	typing	from
cellpose_pipeline/scripts/14_apply_late_dead_trajectory_refinement.py	25	numpy	numpy	import
cellpose_pipeline/scripts/14_apply_late_dead_trajectory_refinement.py	26	pandas	pandas	import
cellpose_pipeline/scripts/14_apply_late_dead_trajectory_refinement.py	27	tifffile	tifffile	import
cellpose_pipeline/scripts/15_verify_segmentation_freeze.py	9	__future__	__future__	from
cellpose_pipeline/scripts/15_verify_segmentation_freeze.py	11	argparse	argparse	import
cellpose_pipeline/scripts/15_verify_segmentation_freeze.py	12	hashlib	hashlib	import
cellpose_pipeline/scripts/15_verify_segmentation_freeze.py	13	json	json	import
cellpose_pipeline/scripts/15_verify_segmentation_freeze.py	14	os	os	import
cellpose_pipeline/scripts/15_verify_segmentation_freeze.py	15	datetime	datetime	from
cellpose_pipeline/scripts/15_verify_segmentation_freeze.py	16	pathlib	pathlib	from
cellpose_pipeline/scripts/15_verify_segmentation_freeze.py	17	typing	typing	from
cellpose_pipeline/scripts/Parameter_calibration/01_select_annotation_images.py	2	__future__	__future__	from
cellpose_pipeline/scripts/Parameter_calibration/01_select_annotation_images.py	4	argparse	argparse	import
cellpose_pipeline/scripts/Parameter_calibration/01_select_annotation_images.py	5	csv	csv	import
cellpose_pipeline/scripts/Parameter_calibration/01_select_annotation_images.py	6	math	math	import
cellpose_pipeline/scripts/Parameter_calibration/01_select_annotation_images.py	7	sys	sys	import
cellpose_pipeline/scripts/Parameter_calibration/01_select_annotation_images.py	8	collections	collections	from
cellpose_pipeline/scripts/Parameter_calibration/01_select_annotation_images.py	9	pathlib	pathlib	from
cellpose_pipeline/scripts/Parameter_calibration/01_select_annotation_images.py	15	common	common	from
cellpose_pipeline/scripts/Parameter_calibration/02_prepare_training_split.py	2	__future__	__future__	from
cellpose_pipeline/scripts/Parameter_calibration/02_prepare_training_split.py	4	argparse	argparse	import
cellpose_pipeline/scripts/Parameter_calibration/02_prepare_training_split.py	5	random	random	import
cellpose_pipeline/scripts/Parameter_calibration/02_prepare_training_split.py	6	sys	sys	import
cellpose_pipeline/scripts/Parameter_calibration/02_prepare_training_split.py	7	pathlib	pathlib	from
cellpose_pipeline/scripts/Parameter_calibration/02_prepare_training_split.py	13	common	common	from
cellpose_pipeline/scripts/Parameter_calibration/03_select_off_the_shelf_eval_images.py	2	__future__	__future__	from
cellpose_pipeline/scripts/Parameter_calibration/03_select_off_the_shelf_eval_images.py	4	argparse	argparse	import
cellpose_pipeline/scripts/Parameter_calibration/03_select_off_the_shelf_eval_images.py	5	csv	csv	import
cellpose_pipeline/scripts/Parameter_calibration/03_select_off_the_shelf_eval_images.py	6	math	math	import
cellpose_pipeline/scripts/Parameter_calibration/03_select_off_the_shelf_eval_images.py	7	os	os	import
cellpose_pipeline/scripts/Parameter_calibration/03_select_off_the_shelf_eval_images.py	8	collections	collections	from
cellpose_pipeline/scripts/Parameter_calibration/03_select_off_the_shelf_eval_images.py	9	pathlib	pathlib	from
cellpose_pipeline/scripts/Parameter_calibration/03_select_off_the_shelf_eval_images.py	39	shutil	shutil	import
cellpose_pipeline/scripts/Parameter_calibration/04_extract_circled_dead_annotation.py	2	__future__	__future__	from
cellpose_pipeline/scripts/Parameter_calibration/04_extract_circled_dead_annotation.py	4	argparse	argparse	import
cellpose_pipeline/scripts/Parameter_calibration/04_extract_circled_dead_annotation.py	5	pathlib	pathlib	from
cellpose_pipeline/scripts/Parameter_calibration/04_extract_circled_dead_annotation.py	7	cv2	cv2	import
cellpose_pipeline/scripts/Parameter_calibration/04_extract_circled_dead_annotation.py	8	numpy	numpy	import
cellpose_pipeline/scripts/Parameter_calibration/04_extract_circled_dead_annotation.py	9	pandas	pandas	import
cellpose_pipeline/scripts/Parameter_calibration/04_extract_circled_dead_annotation.py	10	tifffile	tifffile	import
cellpose_pipeline/scripts/Parameter_calibration/05_tune_cpsam_parameters.py	2	__future__	__future__	from
cellpose_pipeline/scripts/Parameter_calibration/05_tune_cpsam_parameters.py	4	argparse	argparse	import
cellpose_pipeline/scripts/Parameter_calibration/05_tune_cpsam_parameters.py	5	csv	csv	import
cellpose_pipeline/scripts/Parameter_calibration/05_tune_cpsam_parameters.py	6	json	json	import
cellpose_pipeline/scripts/Parameter_calibration/05_tune_cpsam_parameters.py	7	time	time	import
cellpose_pipeline/scripts/Parameter_calibration/05_tune_cpsam_parameters.py	8	dataclasses	dataclasses	from
cellpose_pipeline/scripts/Parameter_calibration/05_tune_cpsam_parameters.py	9	pathlib	pathlib	from
cellpose_pipeline/scripts/Parameter_calibration/05_tune_cpsam_parameters.py	11	numpy	numpy	import
cellpose_pipeline/scripts/Parameter_calibration/05_tune_cpsam_parameters.py	12	tifffile	tifffile	import
cellpose_pipeline/scripts/Parameter_calibration/05_tune_cpsam_parameters.py	13	PIL	PIL	from
cellpose_pipeline/scripts/Parameter_calibration/05_tune_cpsam_parameters.py	15	cellpose	cellpose	from
cellpose_pipeline/scripts/Parameter_calibration/06_cross_channel_parameter_analysis.py	2	__future__	__future__	from
cellpose_pipeline/scripts/Parameter_calibration/06_cross_channel_parameter_analysis.py	4	argparse	argparse	import
cellpose_pipeline/scripts/Parameter_calibration/06_cross_channel_parameter_analysis.py	5	csv	csv	import
cellpose_pipeline/scripts/Parameter_calibration/06_cross_channel_parameter_analysis.py	6	math	math	import
cellpose_pipeline/scripts/Parameter_calibration/06_cross_channel_parameter_analysis.py	7	re	re	import
cellpose_pipeline/scripts/Parameter_calibration/06_cross_channel_parameter_analysis.py	8	dataclasses	dataclasses	from
cellpose_pipeline/scripts/Parameter_calibration/06_cross_channel_parameter_analysis.py	9	pathlib	pathlib	from
cellpose_pipeline/scripts/Parameter_calibration/06_cross_channel_parameter_analysis.py	11	numpy	numpy	import
cellpose_pipeline/scripts/Parameter_calibration/06_cross_channel_parameter_analysis.py	12	tifffile	tifffile	import
cellpose_pipeline/scripts/Parameter_calibration/06_cross_channel_parameter_analysis.py	13	PIL	PIL	from
cellpose_pipeline/scripts/Parameter_calibration/07_evaluate_largetest_recommended_profiles.py	2	__future__	__future__	from
cellpose_pipeline/scripts/Parameter_calibration/07_evaluate_largetest_recommended_profiles.py	4	argparse	argparse	import
cellpose_pipeline/scripts/Parameter_calibration/07_evaluate_largetest_recommended_profiles.py	5	csv	csv	import
cellpose_pipeline/scripts/Parameter_calibration/07_evaluate_largetest_recommended_profiles.py	6	math	math	import
cellpose_pipeline/scripts/Parameter_calibration/07_evaluate_largetest_recommended_profiles.py	7	dataclasses	dataclasses	from
cellpose_pipeline/scripts/Parameter_calibration/07_evaluate_largetest_recommended_profiles.py	8	pathlib	pathlib	from
cellpose_pipeline/scripts/Parameter_calibration/07_evaluate_largetest_recommended_profiles.py	10	numpy	numpy	import
cellpose_pipeline/scripts/Parameter_calibration/07_evaluate_largetest_recommended_profiles.py	11	tifffile	tifffile	import
cellpose_pipeline/scripts/Parameter_calibration/07_evaluate_largetest_recommended_profiles.py	12	PIL	PIL	from
cellpose_pipeline/scripts/Parameter_calibration/08_largetest_retune.py	2	__future__	__future__	from
cellpose_pipeline/scripts/Parameter_calibration/08_largetest_retune.py	4	argparse	argparse	import
cellpose_pipeline/scripts/Parameter_calibration/08_largetest_retune.py	5	csv	csv	import
cellpose_pipeline/scripts/Parameter_calibration/08_largetest_retune.py	6	json	json	import
cellpose_pipeline/scripts/Parameter_calibration/08_largetest_retune.py	7	math	math	import
cellpose_pipeline/scripts/Parameter_calibration/08_largetest_retune.py	8	re	re	import
cellpose_pipeline/scripts/Parameter_calibration/08_largetest_retune.py	9	time	time	import
cellpose_pipeline/scripts/Parameter_calibration/08_largetest_retune.py	10	dataclasses	dataclasses	from
cellpose_pipeline/scripts/Parameter_calibration/08_largetest_retune.py	11	pathlib	pathlib	from
cellpose_pipeline/scripts/Parameter_calibration/08_largetest_retune.py	12	typing	typing	from
cellpose_pipeline/scripts/Parameter_calibration/08_largetest_retune.py	14	cv2	cv2	import
cellpose_pipeline/scripts/Parameter_calibration/08_largetest_retune.py	15	numpy	numpy	import
cellpose_pipeline/scripts/Parameter_calibration/08_largetest_retune.py	16	tifffile	tifffile	import
cellpose_pipeline/scripts/Parameter_calibration/08_largetest_retune.py	17	cellpose	cellpose	from
cellpose_pipeline/scripts/Parameter_calibration/08_largetest_retune.py	18	PIL	PIL	from
cellpose_pipeline/scripts/Parameter_calibration/09_largetest_dead_global_filter_tune.py	2	__future__	__future__	from
cellpose_pipeline/scripts/Parameter_calibration/09_largetest_dead_global_filter_tune.py	4	argparse	argparse	import
cellpose_pipeline/scripts/Parameter_calibration/09_largetest_dead_global_filter_tune.py	5	csv	csv	import
cellpose_pipeline/scripts/Parameter_calibration/09_largetest_dead_global_filter_tune.py	6	json	json	import
cellpose_pipeline/scripts/Parameter_calibration/09_largetest_dead_global_filter_tune.py	7	math	math	import
cellpose_pipeline/scripts/Parameter_calibration/09_largetest_dead_global_filter_tune.py	8	re	re	import
cellpose_pipeline/scripts/Parameter_calibration/09_largetest_dead_global_filter_tune.py	9	time	time	import
cellpose_pipeline/scripts/Parameter_calibration/09_largetest_dead_global_filter_tune.py	10	dataclasses	dataclasses	from
cellpose_pipeline/scripts/Parameter_calibration/09_largetest_dead_global_filter_tune.py	11	pathlib	pathlib	from
cellpose_pipeline/scripts/Parameter_calibration/09_largetest_dead_global_filter_tune.py	12	typing	typing	from
cellpose_pipeline/scripts/Parameter_calibration/09_largetest_dead_global_filter_tune.py	14	numpy	numpy	import
cellpose_pipeline/scripts/Parameter_calibration/09_largetest_dead_global_filter_tune.py	15	tifffile	tifffile	import
cellpose_pipeline/scripts/Parameter_calibration/09_largetest_dead_global_filter_tune.py	16	cellpose	cellpose	from
cellpose_pipeline/scripts/Parameter_calibration/09_largetest_dead_global_filter_tune.py	17	PIL	PIL	from
cellpose_pipeline/scripts/Parameter_calibration/09_largetest_dead_global_filter_tune.py	18	scipy	scipy	from
cellpose_pipeline/scripts/Parameter_calibration/10_score_dead_global_filter_candidates.py	2	__future__	__future__	from
cellpose_pipeline/scripts/Parameter_calibration/10_score_dead_global_filter_candidates.py	4	argparse	argparse	import
cellpose_pipeline/scripts/Parameter_calibration/10_score_dead_global_filter_candidates.py	5	importlib.util	importlib	import
cellpose_pipeline/scripts/Parameter_calibration/10_score_dead_global_filter_candidates.py	6	sys	sys	import
cellpose_pipeline/scripts/Parameter_calibration/10_score_dead_global_filter_candidates.py	7	pathlib	pathlib	from
cellpose_pipeline/scripts/Parameter_calibration/10_score_dead_global_filter_candidates.py	8	typing	typing	from
cellpose_pipeline/scripts/Parameter_calibration/10_score_dead_global_filter_candidates.py	10	numpy	numpy	import
cellpose_pipeline/scripts/Parameter_calibration/10_score_dead_global_filter_candidates.py	11	tifffile	tifffile	import
cellpose_pipeline/scripts/Parameter_calibration/11_score_dead_a11_target_filters.py	2	__future__	__future__	from
cellpose_pipeline/scripts/Parameter_calibration/11_score_dead_a11_target_filters.py	4	argparse	argparse	import
cellpose_pipeline/scripts/Parameter_calibration/11_score_dead_a11_target_filters.py	5	csv	csv	import
cellpose_pipeline/scripts/Parameter_calibration/11_score_dead_a11_target_filters.py	6	importlib.util	importlib	import
cellpose_pipeline/scripts/Parameter_calibration/11_score_dead_a11_target_filters.py	7	json	json	import
cellpose_pipeline/scripts/Parameter_calibration/11_score_dead_a11_target_filters.py	8	sys	sys	import
cellpose_pipeline/scripts/Parameter_calibration/11_score_dead_a11_target_filters.py	9	dataclasses	dataclasses	from
cellpose_pipeline/scripts/Parameter_calibration/11_score_dead_a11_target_filters.py	10	pathlib	pathlib	from
cellpose_pipeline/scripts/Parameter_calibration/11_score_dead_a11_target_filters.py	11	typing	typing	from
cellpose_pipeline/scripts/Parameter_calibration/11_score_dead_a11_target_filters.py	13	numpy	numpy	import
cellpose_pipeline/scripts/Parameter_calibration/11_score_dead_a11_target_filters.py	14	tifffile	tifffile	import
cellpose_pipeline/scripts/Parameter_calibration/12_tune_combined_bf_like_preprocess.py	2	__future__	__future__	from
cellpose_pipeline/scripts/Parameter_calibration/12_tune_combined_bf_like_preprocess.py	4	argparse	argparse	import
cellpose_pipeline/scripts/Parameter_calibration/12_tune_combined_bf_like_preprocess.py	5	csv	csv	import
cellpose_pipeline/scripts/Parameter_calibration/12_tune_combined_bf_like_preprocess.py	6	math	math	import
cellpose_pipeline/scripts/Parameter_calibration/12_tune_combined_bf_like_preprocess.py	7	re	re	import
cellpose_pipeline/scripts/Parameter_calibration/12_tune_combined_bf_like_preprocess.py	8	time	time	import
cellpose_pipeline/scripts/Parameter_calibration/12_tune_combined_bf_like_preprocess.py	9	dataclasses	dataclasses	from
cellpose_pipeline/scripts/Parameter_calibration/12_tune_combined_bf_like_preprocess.py	10	pathlib	pathlib	from
cellpose_pipeline/scripts/Parameter_calibration/12_tune_combined_bf_like_preprocess.py	11	typing	typing	from
cellpose_pipeline/scripts/Parameter_calibration/12_tune_combined_bf_like_preprocess.py	13	numpy	numpy	import
cellpose_pipeline/scripts/Parameter_calibration/12_tune_combined_bf_like_preprocess.py	14	tifffile	tifffile	import
cellpose_pipeline/scripts/Parameter_calibration/12_tune_combined_bf_like_preprocess.py	15	cellpose	cellpose	from
cellpose_pipeline/scripts/Parameter_calibration/12_tune_combined_bf_like_preprocess.py	16	PIL	PIL	from
cellpose_pipeline/scripts/Parameter_calibration/13_tune_high_density_spatial_profiles.py	2	__future__	__future__	from
cellpose_pipeline/scripts/Parameter_calibration/13_tune_high_density_spatial_profiles.py	4	argparse	argparse	import
cellpose_pipeline/scripts/Parameter_calibration/13_tune_high_density_spatial_profiles.py	5	csv	csv	import
cellpose_pipeline/scripts/Parameter_calibration/13_tune_high_density_spatial_profiles.py	6	math	math	import
cellpose_pipeline/scripts/Parameter_calibration/13_tune_high_density_spatial_profiles.py	7	re	re	import
cellpose_pipeline/scripts/Parameter_calibration/13_tune_high_density_spatial_profiles.py	8	time	time	import
cellpose_pipeline/scripts/Parameter_calibration/13_tune_high_density_spatial_profiles.py	9	dataclasses	dataclasses	from
cellpose_pipeline/scripts/Parameter_calibration/13_tune_high_density_spatial_profiles.py	10	pathlib	pathlib	from
cellpose_pipeline/scripts/Parameter_calibration/13_tune_high_density_spatial_profiles.py	11	typing	typing	from
cellpose_pipeline/scripts/Parameter_calibration/13_tune_high_density_spatial_profiles.py	13	cv2	cv2	import
cellpose_pipeline/scripts/Parameter_calibration/13_tune_high_density_spatial_profiles.py	14	numpy	numpy	import
cellpose_pipeline/scripts/Parameter_calibration/13_tune_high_density_spatial_profiles.py	15	tifffile	tifffile	import
cellpose_pipeline/scripts/Parameter_calibration/13_tune_high_density_spatial_profiles.py	16	cellpose	cellpose	from
cellpose_pipeline/scripts/Parameter_calibration/13_tune_high_density_spatial_profiles.py	17	importlib	importlib	from
cellpose_pipeline/scripts/Parameter_calibration/13_tune_high_density_spatial_profiles.py	18	PIL	PIL	from
cellpose_pipeline/scripts/Parameter_calibration/13_tune_high_density_spatial_profiles.py	19	scipy	scipy	from
cellpose_pipeline/scripts/Parameter_calibration/13_tune_high_density_spatial_profiles.py	20	scipy.spatial	scipy	from
cellpose_pipeline/scripts/Parameter_calibration/14_tune_nuclei_segmentation.py	9	__future__	__future__	from
cellpose_pipeline/scripts/Parameter_calibration/14_tune_nuclei_segmentation.py	11	argparse	argparse	import
cellpose_pipeline/scripts/Parameter_calibration/14_tune_nuclei_segmentation.py	12	csv	csv	import
cellpose_pipeline/scripts/Parameter_calibration/14_tune_nuclei_segmentation.py	13	json	json	import
cellpose_pipeline/scripts/Parameter_calibration/14_tune_nuclei_segmentation.py	14	math	math	import
cellpose_pipeline/scripts/Parameter_calibration/14_tune_nuclei_segmentation.py	15	re	re	import
cellpose_pipeline/scripts/Parameter_calibration/14_tune_nuclei_segmentation.py	16	sys	sys	import
cellpose_pipeline/scripts/Parameter_calibration/14_tune_nuclei_segmentation.py	17	time	time	import
cellpose_pipeline/scripts/Parameter_calibration/14_tune_nuclei_segmentation.py	18	dataclasses	dataclasses	from
cellpose_pipeline/scripts/Parameter_calibration/14_tune_nuclei_segmentation.py	19	pathlib	pathlib	from
cellpose_pipeline/scripts/Parameter_calibration/14_tune_nuclei_segmentation.py	20	typing	typing	from
cellpose_pipeline/scripts/Parameter_calibration/14_tune_nuclei_segmentation.py	22	cv2	cv2	import
cellpose_pipeline/scripts/Parameter_calibration/14_tune_nuclei_segmentation.py	23	numpy	numpy	import
cellpose_pipeline/scripts/Parameter_calibration/14_tune_nuclei_segmentation.py	24	tifffile	tifffile	import
cellpose_pipeline/scripts/Parameter_calibration/14_tune_nuclei_segmentation.py	25	cellpose	cellpose	from
cellpose_pipeline/scripts/Parameter_calibration/14_tune_nuclei_segmentation.py	26	PIL	PIL	from
cellpose_pipeline/scripts/Parameter_calibration/14_tune_nuclei_segmentation.py	33	nuclei_segmentation_utils	nuclei_segmentation_utils	from
cellpose_pipeline/scripts/Parameter_calibration/15_diagnose_registration_and_refine_cell_masks.py	9	__future__	__future__	from
cellpose_pipeline/scripts/Parameter_calibration/15_diagnose_registration_and_refine_cell_masks.py	11	argparse	argparse	import
cellpose_pipeline/scripts/Parameter_calibration/15_diagnose_registration_and_refine_cell_masks.py	12	csv	csv	import
cellpose_pipeline/scripts/Parameter_calibration/15_diagnose_registration_and_refine_cell_masks.py	13	json	json	import
cellpose_pipeline/scripts/Parameter_calibration/15_diagnose_registration_and_refine_cell_masks.py	14	math	math	import
cellpose_pipeline/scripts/Parameter_calibration/15_diagnose_registration_and_refine_cell_masks.py	15	os	os	import
cellpose_pipeline/scripts/Parameter_calibration/15_diagnose_registration_and_refine_cell_masks.py	16	re	re	import
cellpose_pipeline/scripts/Parameter_calibration/15_diagnose_registration_and_refine_cell_masks.py	17	collections	collections	from
cellpose_pipeline/scripts/Parameter_calibration/15_diagnose_registration_and_refine_cell_masks.py	18	dataclasses	dataclasses	from
cellpose_pipeline/scripts/Parameter_calibration/15_diagnose_registration_and_refine_cell_masks.py	19	pathlib	pathlib	from
cellpose_pipeline/scripts/Parameter_calibration/15_diagnose_registration_and_refine_cell_masks.py	20	typing	typing	from
cellpose_pipeline/scripts/Parameter_calibration/15_diagnose_registration_and_refine_cell_masks.py	22	numpy	numpy	import
cellpose_pipeline/scripts/Parameter_calibration/15_diagnose_registration_and_refine_cell_masks.py	23	tifffile	tifffile	import
cellpose_pipeline/scripts/Parameter_calibration/15_diagnose_registration_and_refine_cell_masks.py	24	scipy	scipy	from
cellpose_pipeline/scripts/Parameter_calibration/16_score_nucleus_aware_cell_refinement.py	10	__future__	__future__	from
cellpose_pipeline/scripts/Parameter_calibration/16_score_nucleus_aware_cell_refinement.py	12	argparse	argparse	import
cellpose_pipeline/scripts/Parameter_calibration/16_score_nucleus_aware_cell_refinement.py	13	csv	csv	import
cellpose_pipeline/scripts/Parameter_calibration/16_score_nucleus_aware_cell_refinement.py	14	json	json	import
cellpose_pipeline/scripts/Parameter_calibration/16_score_nucleus_aware_cell_refinement.py	15	math	math	import
cellpose_pipeline/scripts/Parameter_calibration/16_score_nucleus_aware_cell_refinement.py	16	re	re	import
cellpose_pipeline/scripts/Parameter_calibration/16_score_nucleus_aware_cell_refinement.py	17	collections	collections	from
cellpose_pipeline/scripts/Parameter_calibration/16_score_nucleus_aware_cell_refinement.py	18	pathlib	pathlib	from
cellpose_pipeline/scripts/Parameter_calibration/16_score_nucleus_aware_cell_refinement.py	19	typing	typing	from
cellpose_pipeline/scripts/Parameter_calibration/16_score_nucleus_aware_cell_refinement.py	21	numpy	numpy	import
cellpose_pipeline/scripts/Parameter_calibration/16_score_nucleus_aware_cell_refinement.py	22	tifffile	tifffile	import
cellpose_pipeline/scripts/Parameter_calibration/16_score_nucleus_aware_cell_refinement.py	23	PIL	PIL	from
cellpose_pipeline/scripts/Parameter_calibration/16_score_nucleus_aware_cell_refinement.py	24	scipy	scipy	from
cellpose_pipeline/scripts/Parameter_calibration/17_render_nucleus_aware_cell_refinement_qc.py	4	__future__	__future__	from
cellpose_pipeline/scripts/Parameter_calibration/17_render_nucleus_aware_cell_refinement_qc.py	6	argparse	argparse	import
cellpose_pipeline/scripts/Parameter_calibration/17_render_nucleus_aware_cell_refinement_qc.py	7	csv	csv	import
cellpose_pipeline/scripts/Parameter_calibration/17_render_nucleus_aware_cell_refinement_qc.py	8	re	re	import
cellpose_pipeline/scripts/Parameter_calibration/17_render_nucleus_aware_cell_refinement_qc.py	9	collections	collections	from
cellpose_pipeline/scripts/Parameter_calibration/17_render_nucleus_aware_cell_refinement_qc.py	10	pathlib	pathlib	from
cellpose_pipeline/scripts/Parameter_calibration/17_render_nucleus_aware_cell_refinement_qc.py	12	numpy	numpy	import
cellpose_pipeline/scripts/Parameter_calibration/17_render_nucleus_aware_cell_refinement_qc.py	13	tifffile	tifffile	import
cellpose_pipeline/scripts/Parameter_calibration/17_render_nucleus_aware_cell_refinement_qc.py	14	PIL	PIL	from
cellpose_pipeline/scripts/Parameter_calibration/17_render_nucleus_aware_cell_refinement_qc.py	15	scipy	scipy	from
cellpose_pipeline/scripts/Parameter_calibration/18_score_shape_aware_nucleus_splits.py	4	__future__	__future__	from
cellpose_pipeline/scripts/Parameter_calibration/18_score_shape_aware_nucleus_splits.py	6	argparse	argparse	import
cellpose_pipeline/scripts/Parameter_calibration/18_score_shape_aware_nucleus_splits.py	7	csv	csv	import
cellpose_pipeline/scripts/Parameter_calibration/18_score_shape_aware_nucleus_splits.py	8	json	json	import
cellpose_pipeline/scripts/Parameter_calibration/18_score_shape_aware_nucleus_splits.py	9	math	math	import
cellpose_pipeline/scripts/Parameter_calibration/18_score_shape_aware_nucleus_splits.py	10	re	re	import
cellpose_pipeline/scripts/Parameter_calibration/18_score_shape_aware_nucleus_splits.py	11	pathlib	pathlib	from
cellpose_pipeline/scripts/Parameter_calibration/18_score_shape_aware_nucleus_splits.py	12	typing	typing	from
cellpose_pipeline/scripts/Parameter_calibration/18_score_shape_aware_nucleus_splits.py	14	numpy	numpy	import
cellpose_pipeline/scripts/Parameter_calibration/18_score_shape_aware_nucleus_splits.py	15	tifffile	tifffile	import
cellpose_pipeline/scripts/Parameter_calibration/18_score_shape_aware_nucleus_splits.py	16	scipy.spatial	scipy	from
cellpose_pipeline/scripts/Parameter_calibration/19_tune_high_density_bf_combined.py	10	__future__	__future__	from
cellpose_pipeline/scripts/Parameter_calibration/19_tune_high_density_bf_combined.py	12	argparse	argparse	import
cellpose_pipeline/scripts/Parameter_calibration/19_tune_high_density_bf_combined.py	13	csv	csv	import
cellpose_pipeline/scripts/Parameter_calibration/19_tune_high_density_bf_combined.py	14	json	json	import
cellpose_pipeline/scripts/Parameter_calibration/19_tune_high_density_bf_combined.py	15	re	re	import
cellpose_pipeline/scripts/Parameter_calibration/19_tune_high_density_bf_combined.py	16	time	time	import
cellpose_pipeline/scripts/Parameter_calibration/19_tune_high_density_bf_combined.py	17	dataclasses	dataclasses	from
cellpose_pipeline/scripts/Parameter_calibration/19_tune_high_density_bf_combined.py	18	importlib	importlib	from
cellpose_pipeline/scripts/Parameter_calibration/19_tune_high_density_bf_combined.py	19	pathlib	pathlib	from
cellpose_pipeline/scripts/Parameter_calibration/19_tune_high_density_bf_combined.py	20	typing	typing	from
cellpose_pipeline/scripts/Parameter_calibration/19_tune_high_density_bf_combined.py	22	cv2	cv2	import
cellpose_pipeline/scripts/Parameter_calibration/19_tune_high_density_bf_combined.py	23	numpy	numpy	import
cellpose_pipeline/scripts/Parameter_calibration/19_tune_high_density_bf_combined.py	24	tifffile	tifffile	import
cellpose_pipeline/scripts/Parameter_calibration/19_tune_high_density_bf_combined.py	25	cellpose	cellpose	from
cellpose_pipeline/scripts/Parameter_calibration/20_score_high_density_bf_combined.py	12	__future__	__future__	from
cellpose_pipeline/scripts/Parameter_calibration/20_score_high_density_bf_combined.py	14	argparse	argparse	import
cellpose_pipeline/scripts/Parameter_calibration/20_score_high_density_bf_combined.py	15	csv	csv	import
cellpose_pipeline/scripts/Parameter_calibration/20_score_high_density_bf_combined.py	16	importlib.util	importlib	import
cellpose_pipeline/scripts/Parameter_calibration/20_score_high_density_bf_combined.py	17	json	json	import
cellpose_pipeline/scripts/Parameter_calibration/20_score_high_density_bf_combined.py	18	math	math	import
cellpose_pipeline/scripts/Parameter_calibration/20_score_high_density_bf_combined.py	19	re	re	import
cellpose_pipeline/scripts/Parameter_calibration/20_score_high_density_bf_combined.py	20	sys	sys	import
cellpose_pipeline/scripts/Parameter_calibration/20_score_high_density_bf_combined.py	21	dataclasses	dataclasses	from
cellpose_pipeline/scripts/Parameter_calibration/20_score_high_density_bf_combined.py	22	pathlib	pathlib	from
cellpose_pipeline/scripts/Parameter_calibration/20_score_high_density_bf_combined.py	23	typing	typing	from
cellpose_pipeline/scripts/Parameter_calibration/20_score_high_density_bf_combined.py	25	cv2	cv2	import
cellpose_pipeline/scripts/Parameter_calibration/20_score_high_density_bf_combined.py	26	numpy	numpy	import
cellpose_pipeline/scripts/Parameter_calibration/20_score_high_density_bf_combined.py	27	tifffile	tifffile	import
cellpose_pipeline/scripts/Parameter_calibration/20_score_high_density_bf_combined.py	28	scipy	scipy	from
cellpose_pipeline/scripts/Parameter_calibration/21_render_high_density_bf_combined_qc.py	4	__future__	__future__	from
cellpose_pipeline/scripts/Parameter_calibration/21_render_high_density_bf_combined_qc.py	6	argparse	argparse	import
cellpose_pipeline/scripts/Parameter_calibration/21_render_high_density_bf_combined_qc.py	7	csv	csv	import
cellpose_pipeline/scripts/Parameter_calibration/21_render_high_density_bf_combined_qc.py	8	importlib.util	importlib	import
cellpose_pipeline/scripts/Parameter_calibration/21_render_high_density_bf_combined_qc.py	9	json	json	import
cellpose_pipeline/scripts/Parameter_calibration/21_render_high_density_bf_combined_qc.py	10	re	re	import
cellpose_pipeline/scripts/Parameter_calibration/21_render_high_density_bf_combined_qc.py	11	sys	sys	import
cellpose_pipeline/scripts/Parameter_calibration/21_render_high_density_bf_combined_qc.py	12	pathlib	pathlib	from
cellpose_pipeline/scripts/Parameter_calibration/21_render_high_density_bf_combined_qc.py	13	typing	typing	from
cellpose_pipeline/scripts/Parameter_calibration/21_render_high_density_bf_combined_qc.py	15	numpy	numpy	import
cellpose_pipeline/scripts/Parameter_calibration/21_render_high_density_bf_combined_qc.py	16	tifffile	tifffile	import
cellpose_pipeline/scripts/Parameter_calibration/21_render_high_density_bf_combined_qc.py	17	PIL	PIL	from
cellpose_pipeline/scripts/Parameter_calibration/21_render_high_density_bf_combined_qc.py	18	scipy	scipy	from
cellpose_pipeline/scripts/Parameter_calibration/22_tune_combined_blue_segmentation.py	4	__future__	__future__	from
cellpose_pipeline/scripts/Parameter_calibration/22_tune_combined_blue_segmentation.py	6	argparse	argparse	import
cellpose_pipeline/scripts/Parameter_calibration/22_tune_combined_blue_segmentation.py	7	csv	csv	import
cellpose_pipeline/scripts/Parameter_calibration/22_tune_combined_blue_segmentation.py	8	json	json	import
cellpose_pipeline/scripts/Parameter_calibration/22_tune_combined_blue_segmentation.py	9	math	math	import
cellpose_pipeline/scripts/Parameter_calibration/22_tune_combined_blue_segmentation.py	10	os	os	import
cellpose_pipeline/scripts/Parameter_calibration/22_tune_combined_blue_segmentation.py	11	re	re	import
cellpose_pipeline/scripts/Parameter_calibration/22_tune_combined_blue_segmentation.py	12	sys	sys	import
cellpose_pipeline/scripts/Parameter_calibration/22_tune_combined_blue_segmentation.py	13	time	time	import
cellpose_pipeline/scripts/Parameter_calibration/22_tune_combined_blue_segmentation.py	14	dataclasses	dataclasses	from
cellpose_pipeline/scripts/Parameter_calibration/22_tune_combined_blue_segmentation.py	15	importlib	importlib	from
cellpose_pipeline/scripts/Parameter_calibration/22_tune_combined_blue_segmentation.py	16	pathlib	pathlib	from
cellpose_pipeline/scripts/Parameter_calibration/22_tune_combined_blue_segmentation.py	17	typing	typing	from
cellpose_pipeline/scripts/Parameter_calibration/22_tune_combined_blue_segmentation.py	19	numpy	numpy	import
cellpose_pipeline/scripts/Parameter_calibration/22_tune_combined_blue_segmentation.py	20	tifffile	tifffile	import
cellpose_pipeline/scripts/Parameter_calibration/22_tune_combined_blue_segmentation.py	27	combined_blue_segmentation_utils	combined_blue_segmentation_utils	from
cellpose_pipeline/scripts/Parameter_calibration/22_tune_combined_blue_segmentation.py	166	scipy.spatial	scipy	from
cellpose_pipeline/scripts/Parameter_calibration/22_tune_combined_blue_segmentation.py	258	cellpose	cellpose	from
cellpose_pipeline/scripts/Parameter_calibration/23_tune_dead_calibrated_segmentation.py	4	__future__	__future__	from
cellpose_pipeline/scripts/Parameter_calibration/23_tune_dead_calibrated_segmentation.py	6	argparse	argparse	import
cellpose_pipeline/scripts/Parameter_calibration/23_tune_dead_calibrated_segmentation.py	7	csv	csv	import
cellpose_pipeline/scripts/Parameter_calibration/23_tune_dead_calibrated_segmentation.py	8	importlib.util	importlib	import
cellpose_pipeline/scripts/Parameter_calibration/23_tune_dead_calibrated_segmentation.py	9	json	json	import
cellpose_pipeline/scripts/Parameter_calibration/23_tune_dead_calibrated_segmentation.py	10	math	math	import
cellpose_pipeline/scripts/Parameter_calibration/23_tune_dead_calibrated_segmentation.py	11	os	os	import
cellpose_pipeline/scripts/Parameter_calibration/23_tune_dead_calibrated_segmentation.py	12	sys	sys	import
cellpose_pipeline/scripts/Parameter_calibration/23_tune_dead_calibrated_segmentation.py	13	time	time	import
cellpose_pipeline/scripts/Parameter_calibration/23_tune_dead_calibrated_segmentation.py	14	dataclasses	dataclasses	from
cellpose_pipeline/scripts/Parameter_calibration/23_tune_dead_calibrated_segmentation.py	15	pathlib	pathlib	from
cellpose_pipeline/scripts/Parameter_calibration/23_tune_dead_calibrated_segmentation.py	16	typing	typing	from
cellpose_pipeline/scripts/Parameter_calibration/23_tune_dead_calibrated_segmentation.py	18	numpy	numpy	import
cellpose_pipeline/scripts/Parameter_calibration/23_tune_dead_calibrated_segmentation.py	19	tifffile	tifffile	import
cellpose_pipeline/scripts/Parameter_calibration/23_tune_dead_calibrated_segmentation.py	164	cellpose	cellpose	from
cellpose_pipeline/scripts/Parameter_calibration/24_render_dead_consensus_qc.py	4	__future__	__future__	from
cellpose_pipeline/scripts/Parameter_calibration/24_render_dead_consensus_qc.py	6	argparse	argparse	import
cellpose_pipeline/scripts/Parameter_calibration/24_render_dead_consensus_qc.py	7	csv	csv	import
cellpose_pipeline/scripts/Parameter_calibration/24_render_dead_consensus_qc.py	8	math	math	import
cellpose_pipeline/scripts/Parameter_calibration/24_render_dead_consensus_qc.py	9	re	re	import
cellpose_pipeline/scripts/Parameter_calibration/24_render_dead_consensus_qc.py	10	pathlib	pathlib	from
cellpose_pipeline/scripts/Parameter_calibration/24_render_dead_consensus_qc.py	12	numpy	numpy	import
cellpose_pipeline/scripts/Parameter_calibration/24_render_dead_consensus_qc.py	13	tifffile	tifffile	import
cellpose_pipeline/scripts/Parameter_calibration/24_render_dead_consensus_qc.py	14	PIL	PIL	from
cellpose_pipeline/scripts/Parameter_calibration/25_audit_dead_classification_without_ground_truth.py	12	__future__	__future__	from
cellpose_pipeline/scripts/Parameter_calibration/25_audit_dead_classification_without_ground_truth.py	14	argparse	argparse	import
cellpose_pipeline/scripts/Parameter_calibration/25_audit_dead_classification_without_ground_truth.py	15	csv	csv	import
cellpose_pipeline/scripts/Parameter_calibration/25_audit_dead_classification_without_ground_truth.py	16	importlib.util	importlib	import
cellpose_pipeline/scripts/Parameter_calibration/25_audit_dead_classification_without_ground_truth.py	17	sys	sys	import
cellpose_pipeline/scripts/Parameter_calibration/25_audit_dead_classification_without_ground_truth.py	18	collections	collections	from
cellpose_pipeline/scripts/Parameter_calibration/25_audit_dead_classification_without_ground_truth.py	19	pathlib	pathlib	from
cellpose_pipeline/scripts/Parameter_calibration/25_audit_dead_classification_without_ground_truth.py	20	typing	typing	from
cellpose_pipeline/scripts/Parameter_calibration/25_audit_dead_classification_without_ground_truth.py	22	numpy	numpy	import
cellpose_pipeline/scripts/Parameter_calibration/25_audit_dead_classification_without_ground_truth.py	23	tifffile	tifffile	import
cellpose_pipeline/scripts/Parameter_calibration/25_audit_dead_classification_without_ground_truth.py	24	PIL	PIL	from
cellpose_pipeline/scripts/Parameter_calibration/26_stress_test_dead_object_detection.py	14	__future__	__future__	from
cellpose_pipeline/scripts/Parameter_calibration/26_stress_test_dead_object_detection.py	16	argparse	argparse	import
cellpose_pipeline/scripts/Parameter_calibration/26_stress_test_dead_object_detection.py	17	csv	csv	import
cellpose_pipeline/scripts/Parameter_calibration/26_stress_test_dead_object_detection.py	18	importlib.util	importlib	import
cellpose_pipeline/scripts/Parameter_calibration/26_stress_test_dead_object_detection.py	19	json	json	import
cellpose_pipeline/scripts/Parameter_calibration/26_stress_test_dead_object_detection.py	20	sys	sys	import
cellpose_pipeline/scripts/Parameter_calibration/26_stress_test_dead_object_detection.py	21	pathlib	pathlib	from
cellpose_pipeline/scripts/Parameter_calibration/26_stress_test_dead_object_detection.py	22	typing	typing	from
cellpose_pipeline/scripts/Parameter_calibration/26_stress_test_dead_object_detection.py	24	numpy	numpy	import
cellpose_pipeline/scripts/Parameter_calibration/26_stress_test_dead_object_detection.py	25	tifffile	tifffile	import
cellpose_pipeline/scripts/Parameter_calibration/27_build_late_dead_calibration_dataset.py	4	__future__	__future__	from
cellpose_pipeline/scripts/Parameter_calibration/27_build_late_dead_calibration_dataset.py	6	importlib.util	importlib	import
cellpose_pipeline/scripts/Parameter_calibration/27_build_late_dead_calibration_dataset.py	7	sys	sys	import
cellpose_pipeline/scripts/Parameter_calibration/27_build_late_dead_calibration_dataset.py	8	pathlib	pathlib	from
cellpose_pipeline/scripts/Parameter_calibration/28_optimize_late_dead_rescue.py	4	__future__	__future__	from
cellpose_pipeline/scripts/Parameter_calibration/28_optimize_late_dead_rescue.py	6	importlib.util	importlib	import
cellpose_pipeline/scripts/Parameter_calibration/28_optimize_late_dead_rescue.py	7	sys	sys	import
cellpose_pipeline/scripts/Parameter_calibration/28_optimize_late_dead_rescue.py	8	pathlib	pathlib	from
cellpose_pipeline/scripts/Parameter_calibration/29_render_late_dead_rescue_qc.py	4	__future__	__future__	from
cellpose_pipeline/scripts/Parameter_calibration/29_render_late_dead_rescue_qc.py	6	argparse	argparse	import
cellpose_pipeline/scripts/Parameter_calibration/29_render_late_dead_rescue_qc.py	7	concurrent.futures	concurrent	from
cellpose_pipeline/scripts/Parameter_calibration/29_render_late_dead_rescue_qc.py	8	html	html	import
cellpose_pipeline/scripts/Parameter_calibration/29_render_late_dead_rescue_qc.py	9	json	json	import
cellpose_pipeline/scripts/Parameter_calibration/29_render_late_dead_rescue_qc.py	10	math	math	import
cellpose_pipeline/scripts/Parameter_calibration/29_render_late_dead_rescue_qc.py	11	pathlib	pathlib	from
cellpose_pipeline/scripts/Parameter_calibration/29_render_late_dead_rescue_qc.py	12	typing	typing	from
cellpose_pipeline/scripts/Parameter_calibration/29_render_late_dead_rescue_qc.py	14	matplotlib	matplotlib	import
cellpose_pipeline/scripts/Parameter_calibration/29_render_late_dead_rescue_qc.py	17	matplotlib.pyplot	matplotlib	import
cellpose_pipeline/scripts/Parameter_calibration/29_render_late_dead_rescue_qc.py	18	numpy	numpy	import
cellpose_pipeline/scripts/Parameter_calibration/29_render_late_dead_rescue_qc.py	19	pandas	pandas	import
cellpose_pipeline/scripts/Parameter_calibration/29_render_late_dead_rescue_qc.py	20	tifffile	tifffile	import
cellpose_pipeline/scripts/Parameter_calibration/29_render_late_dead_rescue_qc.py	21	PIL	PIL	from
cellpose_pipeline/scripts/Parameter_calibration/29_render_late_dead_rescue_qc.py	22	skimage.segmentation	skimage	from
cellpose_pipeline/scripts/Parameter_calibration/30_diagnose_death_consensus_no_go.py	4	__future__	__future__	from
cellpose_pipeline/scripts/Parameter_calibration/30_diagnose_death_consensus_no_go.py	6	argparse	argparse	import
cellpose_pipeline/scripts/Parameter_calibration/30_diagnose_death_consensus_no_go.py	7	importlib.util	importlib	import
cellpose_pipeline/scripts/Parameter_calibration/30_diagnose_death_consensus_no_go.py	8	json	json	import
cellpose_pipeline/scripts/Parameter_calibration/30_diagnose_death_consensus_no_go.py	9	sys	sys	import
cellpose_pipeline/scripts/Parameter_calibration/30_diagnose_death_consensus_no_go.py	10	collections	collections	from
cellpose_pipeline/scripts/Parameter_calibration/30_diagnose_death_consensus_no_go.py	11	itertools	itertools	from
cellpose_pipeline/scripts/Parameter_calibration/30_diagnose_death_consensus_no_go.py	12	pathlib	pathlib	from
cellpose_pipeline/scripts/Parameter_calibration/30_diagnose_death_consensus_no_go.py	14	pandas	pandas	import
cellpose_pipeline/scripts/_shared/combined_blue_segmentation_utils.py	3	__future__	__future__	from
cellpose_pipeline/scripts/_shared/combined_blue_segmentation_utils.py	5	dataclasses	dataclasses	from
cellpose_pipeline/scripts/_shared/combined_blue_segmentation_utils.py	6	typing	typing	from
cellpose_pipeline/scripts/_shared/combined_blue_segmentation_utils.py	8	cv2	cv2	import
cellpose_pipeline/scripts/_shared/combined_blue_segmentation_utils.py	9	numpy	numpy	import
cellpose_pipeline/scripts/_shared/common.py	1	__future__	__future__	from
cellpose_pipeline/scripts/_shared/common.py	3	csv	csv	import
cellpose_pipeline/scripts/_shared/common.py	4	os	os	import
cellpose_pipeline/scripts/_shared/common.py	5	re	re	import
cellpose_pipeline/scripts/_shared/common.py	6	dataclasses	dataclasses	from
cellpose_pipeline/scripts/_shared/common.py	7	pathlib	pathlib	from
cellpose_pipeline/scripts/_shared/common.py	105	shutil	shutil	import
cellpose_pipeline/scripts/_shared/late_dead_trajectory_model.py	11	__future__	__future__	from
cellpose_pipeline/scripts/_shared/late_dead_trajectory_model.py	13	argparse	argparse	import
cellpose_pipeline/scripts/_shared/late_dead_trajectory_model.py	14	json	json	import
cellpose_pipeline/scripts/_shared/late_dead_trajectory_model.py	15	math	math	import
cellpose_pipeline/scripts/_shared/late_dead_trajectory_model.py	16	itertools	itertools	from
cellpose_pipeline/scripts/_shared/late_dead_trajectory_model.py	17	pathlib	pathlib	from
cellpose_pipeline/scripts/_shared/late_dead_trajectory_model.py	18	typing	typing	from
cellpose_pipeline/scripts/_shared/late_dead_trajectory_model.py	20	numpy	numpy	import
cellpose_pipeline/scripts/_shared/late_dead_trajectory_model.py	21	pandas	pandas	import
cellpose_pipeline/scripts/_shared/late_dead_trajectory_model.py	22	scipy.spatial	scipy	from
cellpose_pipeline/scripts/_shared/nuclei_segmentation_utils.py	4	__future__	__future__	from
cellpose_pipeline/scripts/_shared/nuclei_segmentation_utils.py	6	dataclasses	dataclasses	from
cellpose_pipeline/scripts/_shared/nuclei_segmentation_utils.py	7	typing	typing	from
cellpose_pipeline/scripts/_shared/nuclei_segmentation_utils.py	9	cv2	cv2	import
cellpose_pipeline/scripts/_shared/nuclei_segmentation_utils.py	10	numpy	numpy	import
cellpose_pipeline/scripts/_shared/nuclei_segmentation_utils.py	11	scipy	scipy	from
cellpose_pipeline/scripts/_shared/nuclei_segmentation_utils.py	12	scipy.spatial	scipy	from
cellpose_pipeline/scripts/_shared/timepoint_selection.py	3	__future__	__future__	from
cellpose_pipeline/scripts/_shared/timepoint_selection.py	5	re	re	import
cellpose_pipeline/scripts/_shared/timepoint_selection.py	6	pathlib	pathlib	from
cellpose_pipeline/scripts/_shared/timepoint_selection.py	7	typing	typing	from
cellpose_pipeline/scripts/analysisi/01_inventory.py	2	__future__	__future__	from
cellpose_pipeline/scripts/analysisi/01_inventory.py	4	argparse	argparse	import
cellpose_pipeline/scripts/analysisi/01_inventory.py	5	sys	sys	import
cellpose_pipeline/scripts/analysisi/01_inventory.py	6	collections	collections	from
cellpose_pipeline/scripts/analysisi/01_inventory.py	7	pathlib	pathlib	from
cellpose_pipeline/scripts/analysisi/01_inventory.py	13	common	common	from
cellpose_pipeline/scripts/analysisi/02_classify_cell_states.py	2	__future__	__future__	from
cellpose_pipeline/scripts/analysisi/02_classify_cell_states.py	4	argparse	argparse	import
cellpose_pipeline/scripts/analysisi/02_classify_cell_states.py	5	math	math	import
cellpose_pipeline/scripts/analysisi/02_classify_cell_states.py	6	os	os	import
cellpose_pipeline/scripts/analysisi/02_classify_cell_states.py	7	pathlib	pathlib	from
cellpose_pipeline/scripts/analysisi/02_classify_cell_states.py	9	cv2	cv2	import
cellpose_pipeline/scripts/analysisi/02_classify_cell_states.py	10	matplotlib	matplotlib	import
cellpose_pipeline/scripts/analysisi/02_classify_cell_states.py	13	matplotlib.pyplot	matplotlib	import
cellpose_pipeline/scripts/analysisi/02_classify_cell_states.py	14	numpy	numpy	import
cellpose_pipeline/scripts/analysisi/02_classify_cell_states.py	15	pandas	pandas	import
cellpose_pipeline/scripts/analysisi/02_classify_cell_states.py	16	tifffile	tifffile	import
cellpose_pipeline/scripts/analysisi/02_classify_cell_states.py	17	PIL	PIL	from
cellpose_pipeline/scripts/analysisi/02_classify_cell_states.py	18	skimage.color	skimage	from
cellpose_pipeline/scripts/analysisi/02_classify_cell_states.py	19	skimage.measure	skimage	from
cellpose_pipeline/scripts/analysisi/03_make_missing_workflow_overlays.py	2	__future__	__future__	from
cellpose_pipeline/scripts/analysisi/03_make_missing_workflow_overlays.py	4	argparse	argparse	import
cellpose_pipeline/scripts/analysisi/03_make_missing_workflow_overlays.py	5	csv	csv	import
cellpose_pipeline/scripts/analysisi/03_make_missing_workflow_overlays.py	6	os	os	import
cellpose_pipeline/scripts/analysisi/03_make_missing_workflow_overlays.py	7	pathlib	pathlib	from
cellpose_pipeline/scripts/analysisi/03_make_missing_workflow_overlays.py	9	matplotlib	matplotlib	import
cellpose_pipeline/scripts/analysisi/03_make_missing_workflow_overlays.py	12	matplotlib.pyplot	matplotlib	import
cellpose_pipeline/scripts/analysisi/03_make_missing_workflow_overlays.py	13	numpy	numpy	import
cellpose_pipeline/scripts/analysisi/03_make_missing_workflow_overlays.py	14	pandas	pandas	import
cellpose_pipeline/scripts/analysisi/03_make_missing_workflow_overlays.py	15	tifffile	tifffile	import
cellpose_pipeline/scripts/analysisi/03_make_missing_workflow_overlays.py	16	PIL	PIL	from
cellpose_pipeline/scripts/analysisi/04_plot_well_counts_over_time.py	2	__future__	__future__	from
cellpose_pipeline/scripts/analysisi/04_plot_well_counts_over_time.py	4	argparse	argparse	import
cellpose_pipeline/scripts/analysisi/04_plot_well_counts_over_time.py	5	csv	csv	import
cellpose_pipeline/scripts/analysisi/04_plot_well_counts_over_time.py	6	math	math	import
cellpose_pipeline/scripts/analysisi/04_plot_well_counts_over_time.py	7	os	os	import
cellpose_pipeline/scripts/analysisi/04_plot_well_counts_over_time.py	8	re	re	import
cellpose_pipeline/scripts/analysisi/04_plot_well_counts_over_time.py	9	concurrent.futures	concurrent	from
cellpose_pipeline/scripts/analysisi/04_plot_well_counts_over_time.py	10	dataclasses	dataclasses	from
cellpose_pipeline/scripts/analysisi/04_plot_well_counts_over_time.py	11	pathlib	pathlib	from
cellpose_pipeline/scripts/analysisi/04_plot_well_counts_over_time.py	13	matplotlib	matplotlib	import
cellpose_pipeline/scripts/analysisi/04_plot_well_counts_over_time.py	16	matplotlib.pyplot	matplotlib	import
cellpose_pipeline/scripts/analysisi/04_plot_well_counts_over_time.py	17	pandas	pandas	import
cellpose_pipeline/scripts/analysisi/04_plot_well_counts_over_time.py	18	matplotlib.ticker	matplotlib	from
cellpose_pipeline/scripts/analysisi/05_analyze_nuclear_cell_alignment.py	12	__future__	__future__	from
cellpose_pipeline/scripts/analysisi/05_analyze_nuclear_cell_alignment.py	14	argparse	argparse	import
cellpose_pipeline/scripts/analysisi/05_analyze_nuclear_cell_alignment.py	15	csv	csv	import
cellpose_pipeline/scripts/analysisi/05_analyze_nuclear_cell_alignment.py	16	html	html	import
cellpose_pipeline/scripts/analysisi/05_analyze_nuclear_cell_alignment.py	17	json	json	import
cellpose_pipeline/scripts/analysisi/05_analyze_nuclear_cell_alignment.py	18	math	math	import
cellpose_pipeline/scripts/analysisi/05_analyze_nuclear_cell_alignment.py	19	os	os	import
cellpose_pipeline/scripts/analysisi/05_analyze_nuclear_cell_alignment.py	20	re	re	import
cellpose_pipeline/scripts/analysisi/05_analyze_nuclear_cell_alignment.py	21	sys	sys	import
cellpose_pipeline/scripts/analysisi/05_analyze_nuclear_cell_alignment.py	22	collections	collections	from
cellpose_pipeline/scripts/analysisi/05_analyze_nuclear_cell_alignment.py	23	dataclasses	dataclasses	from
cellpose_pipeline/scripts/analysisi/05_analyze_nuclear_cell_alignment.py	24	datetime	datetime	from
cellpose_pipeline/scripts/analysisi/05_analyze_nuclear_cell_alignment.py	25	pathlib	pathlib	from
cellpose_pipeline/scripts/analysisi/05_analyze_nuclear_cell_alignment.py	26	typing	typing	from
cellpose_pipeline/scripts/analysisi/05_analyze_nuclear_cell_alignment.py	28	cv2	cv2	import
cellpose_pipeline/scripts/analysisi/05_analyze_nuclear_cell_alignment.py	29	numpy	numpy	import
cellpose_pipeline/scripts/analysisi/05_analyze_nuclear_cell_alignment.py	30	tifffile	tifffile	import
cellpose_pipeline/scripts/analysisi/05_analyze_nuclear_cell_alignment.py	31	PIL	PIL	from
cellpose_pipeline/scripts/analysisi/05_analyze_nuclear_cell_alignment.py	32	scipy	scipy	from
cellpose_pipeline/scripts/analysisi/06_audit_largetest_full_pipeline.py	4	__future__	__future__	from
cellpose_pipeline/scripts/analysisi/06_audit_largetest_full_pipeline.py	6	argparse	argparse	import
cellpose_pipeline/scripts/analysisi/06_audit_largetest_full_pipeline.py	7	csv	csv	import
cellpose_pipeline/scripts/analysisi/06_audit_largetest_full_pipeline.py	8	json	json	import
cellpose_pipeline/scripts/analysisi/06_audit_largetest_full_pipeline.py	9	os	os	import
cellpose_pipeline/scripts/analysisi/06_audit_largetest_full_pipeline.py	10	pathlib	pathlib	from
cellpose_pipeline/scripts/analysisi/06_audit_largetest_full_pipeline.py	11	typing	typing	from
cellpose_pipeline/scripts/analysisi/07_plot_dose_response_curves.py	2	__future__	__future__	from
cellpose_pipeline/scripts/analysisi/07_plot_dose_response_curves.py	4	argparse	argparse	import
cellpose_pipeline/scripts/analysisi/07_plot_dose_response_curves.py	5	math	math	import
cellpose_pipeline/scripts/analysisi/07_plot_dose_response_curves.py	6	os	os	import
cellpose_pipeline/scripts/analysisi/07_plot_dose_response_curves.py	7	warnings	warnings	import
cellpose_pipeline/scripts/analysisi/07_plot_dose_response_curves.py	8	dataclasses	dataclasses	from
cellpose_pipeline/scripts/analysisi/07_plot_dose_response_curves.py	9	pathlib	pathlib	from
cellpose_pipeline/scripts/analysisi/07_plot_dose_response_curves.py	11	matplotlib	matplotlib	import
cellpose_pipeline/scripts/analysisi/07_plot_dose_response_curves.py	14	matplotlib.pyplot	matplotlib	import
cellpose_pipeline/scripts/analysisi/07_plot_dose_response_curves.py	15	numpy	numpy	import
cellpose_pipeline/scripts/analysisi/07_plot_dose_response_curves.py	16	pandas	pandas	import
cellpose_pipeline/scripts/analysisi/07_plot_dose_response_curves.py	17	scipy.integrate	scipy	from
cellpose_pipeline/scripts/analysisi/07_plot_dose_response_curves.py	18	scipy.optimize	scipy	from
cellpose_pipeline/scripts/analysisi/07_plot_dose_response_curves.py	19	scipy.stats	scipy	from
cellpose_pipeline/scripts/shape_strict_schema.py	3	__future__	__future__	from
cellpose_pipeline/tests/test_classification_report_manifests.py	4	__future__	__future__	from
cellpose_pipeline/tests/test_classification_report_manifests.py	6	argparse	argparse	import
cellpose_pipeline/tests/test_classification_report_manifests.py	7	importlib.util	importlib	import
cellpose_pipeline/tests/test_classification_report_manifests.py	8	json	json	import
cellpose_pipeline/tests/test_classification_report_manifests.py	9	sys	sys	import
cellpose_pipeline/tests/test_classification_report_manifests.py	10	unittest	unittest	import
cellpose_pipeline/tests/test_classification_report_manifests.py	11	pathlib	pathlib	from
cellpose_pipeline/tests/test_classification_report_manifests.py	12	typing	typing	from
cellpose_pipeline/tests/test_dead_object_relation.py	1	__future__	__future__	from
cellpose_pipeline/tests/test_dead_object_relation.py	3	argparse	argparse	import
cellpose_pipeline/tests/test_dead_object_relation.py	4	importlib.util	importlib	import
cellpose_pipeline/tests/test_dead_object_relation.py	5	sys	sys	import
cellpose_pipeline/tests/test_dead_object_relation.py	6	unittest	unittest	import
cellpose_pipeline/tests/test_dead_object_relation.py	7	pathlib	pathlib	from
cellpose_pipeline/tests/test_dead_object_relation.py	8	types	types	from
cellpose_pipeline/tests/test_dead_object_relation.py	10	numpy	numpy	import
cellpose_pipeline/tests/test_late_death_trajectory_refinement.py	1	__future__	__future__	from
cellpose_pipeline/tests/test_late_death_trajectory_refinement.py	3	importlib.util	importlib	import
cellpose_pipeline/tests/test_late_death_trajectory_refinement.py	4	json	json	import
cellpose_pipeline/tests/test_late_death_trajectory_refinement.py	5	sys	sys	import
cellpose_pipeline/tests/test_late_death_trajectory_refinement.py	6	tempfile	tempfile	import
cellpose_pipeline/tests/test_late_death_trajectory_refinement.py	7	unittest	unittest	import
cellpose_pipeline/tests/test_late_death_trajectory_refinement.py	8	pathlib	pathlib	from
cellpose_pipeline/tests/test_late_death_trajectory_refinement.py	10	numpy	numpy	import
cellpose_pipeline/tests/test_late_death_trajectory_refinement.py	11	pandas	pandas	import
cellpose_pipeline/tests/test_late_death_trajectory_refinement.py	12	tifffile	tifffile	import
cellpose_pipeline/tests/test_plot_dose_response_curves.py	1	__future__	__future__	from
cellpose_pipeline/tests/test_plot_dose_response_curves.py	3	importlib.util	importlib	import
cellpose_pipeline/tests/test_plot_dose_response_curves.py	4	sys	sys	import
cellpose_pipeline/tests/test_plot_dose_response_curves.py	5	tempfile	tempfile	import
cellpose_pipeline/tests/test_plot_dose_response_curves.py	6	unittest	unittest	import
cellpose_pipeline/tests/test_plot_dose_response_curves.py	7	pathlib	pathlib	from
cellpose_pipeline/tests/test_plot_dose_response_curves.py	9	numpy	numpy	import
cellpose_pipeline/tests/test_plot_dose_response_curves.py	10	pandas	pandas	import
cellpose_pipeline/tests/test_plot_well_counts_over_time.py	1	__future__	__future__	from
cellpose_pipeline/tests/test_plot_well_counts_over_time.py	3	csv	csv	import
cellpose_pipeline/tests/test_plot_well_counts_over_time.py	4	importlib.util	importlib	import
cellpose_pipeline/tests/test_plot_well_counts_over_time.py	5	sys	sys	import
cellpose_pipeline/tests/test_plot_well_counts_over_time.py	6	tempfile	tempfile	import
cellpose_pipeline/tests/test_plot_well_counts_over_time.py	7	unittest	unittest	import
cellpose_pipeline/tests/test_plot_well_counts_over_time.py	8	pathlib	pathlib	from
cellpose_pipeline/tests/test_segmentation_freeze.py	1	__future__	__future__	from
cellpose_pipeline/tests/test_segmentation_freeze.py	3	hashlib	hashlib	import
cellpose_pipeline/tests/test_segmentation_freeze.py	4	json	json	import
cellpose_pipeline/tests/test_segmentation_freeze.py	5	unittest	unittest	import
cellpose_pipeline/tests/test_segmentation_freeze.py	6	pathlib	pathlib	from
cellpose_pipeline/tests/test_timepoint_selection.py	1	__future__	__future__	from
cellpose_pipeline/tests/test_timepoint_selection.py	3	importlib.util	importlib	import
cellpose_pipeline/tests/test_timepoint_selection.py	4	sys	sys	import
cellpose_pipeline/tests/test_timepoint_selection.py	5	unittest	unittest	import
cellpose_pipeline/tests/test_timepoint_selection.py	6	pathlib	pathlib	from
