install_order	package	version	filename	bytes	sha256	built	url
1	digest	0.6.37	digest_0.6.37.tar.gz	222139	d8a1f460788c6cc8bc98a5652de4daf2458924e95f1a7cb0bc3fc2a85799e30d	R 4.2.0; x86_64-pc-linux-gnu; 2025-12-16 23:50:08 UTC; unix	https://packagemanager.posit.co/cran/2025-11-11/bin/linux/trixie-x86_64/4.2/src/contrib/digest_0.6.37.tar.gz
2	jpeg	0.1-11	jpeg_0.1-11.tar.gz	29689	19d23110a1783791066f72dc7a03be7889e97534288dc315000cebcb5c4e4fd5	R 4.2.0; x86_64-pc-linux-gnu; 2025-12-15 23:06:51 UTC; unix	https://packagemanager.posit.co/cran/2025-11-11/bin/linux/trixie-x86_64/4.2/src/contrib/jpeg_0.1-11.tar.gz
3	jsonlite	2.0.0	jsonlite_2.0.0.tar.gz	1087665	1cee091ae6c5a96a3131307eca7d24a49b688ca93a0ca395193c7280ae9fb4e8	R 4.2.0; x86_64-pc-linux-gnu; 2025-12-15 23:06:43 UTC; unix	https://packagemanager.posit.co/cran/2025-11-11/bin/linux/trixie-x86_64/4.2/src/contrib/jsonlite_2.0.0.tar.gz
4	png	0.1-8	png_0.1-8.tar.gz	39969	981be4dbc89987e19b1fa7bb28cb21f2af9acd1e7f4be244b260f3cadcd3073c	R 4.2.0; x86_64-pc-linux-gnu; 2025-12-15 23:10:30 UTC; unix	https://packagemanager.posit.co/cran/2025-11-11/bin/linux/trixie-x86_64/4.2/src/contrib/png_0.1-8.tar.gz
5	tiff	0.1-12	tiff_0.1-12.tar.gz	48456	2cc8c6f4dd9805dc036f6d4c49e4e3aa01ca25ebeda3af142dbe78b47203683e	R 4.2.0; x86_64-pc-linux-gnu; 2025-12-16 05:23:32 UTC; unix	https://packagemanager.posit.co/cran/2025-11-11/bin/linux/trixie-x86_64/4.2/src/contrib/tiff_0.1-12.tar.gz
6	yaml	2.3.10	yaml_2.3.10.tar.gz	113255	785d7f12015085e79e9c5640f4cf07215e8d4b63de8a3f854789bed890bf4252	R 4.2.0; x86_64-pc-linux-gnu; 2025-12-16 21:13:17 UTC; unix	https://packagemanager.posit.co/cran/2025-11-11/bin/linux/trixie-x86_64/4.2/src/contrib/yaml_2.3.10.tar.gz
7	iterators	1.0.14	iterators_1.0.14.tar.gz	345299	be9e588e0082944d4bf09940d8926cab1f4e949d96a0acf3ae18d27f20607fba	R 4.2.0; ; 2025-12-15 23:07:00 UTC; unix	https://packagemanager.posit.co/cran/2025-11-11/bin/linux/trixie-x86_64/4.2/src/contrib/iterators_1.0.14.tar.gz
8	foreach	1.5.2	foreach_1.5.2.tar.gz	138295	0e8722d88efbc630b88def9c3467acd4a76d0cb02a1663b9d3a77acb0a2d90de	R 4.2.0; ; 2025-12-15 23:10:27 UTC; unix	https://packagemanager.posit.co/cran/2025-11-11/bin/linux/trixie-x86_64/4.2/src/contrib/foreach_1.5.2.tar.gz
9	shape	1.4.6.1	shape_1.4.6.1.tar.gz	744333	763355806fdd3af070582b2f961b43880bcb2e0590fbe232377747577b6f7ccc	R 4.2.0; ; 2025-12-15 23:08:33 UTC; unix	https://packagemanager.posit.co/cran/2025-11-11/bin/linux/trixie-x86_64/4.2/src/contrib/shape_1.4.6.1.tar.gz
10	Rcpp	1.1.0	Rcpp_1.1.0.tar.gz	2154990	018503143888c405efa5cf1f4716010cf384a968f94db79014727cea977213e9	R 4.2.0; x86_64-pc-linux-gnu; 2025-12-15 22:54:16 UTC; unix	https://packagemanager.posit.co/cran/2025-11-11/bin/linux/trixie-x86_64/4.2/src/contrib/Rcpp_1.1.0.tar.gz
11	RcppEigen	0.3.4.0.2	RcppEigen_0.3.4.0.2.tar.gz	1847738	5e10cffa2a7ca34707d6a87a3021beb21e611ae23c1aad382429cb9a7c194736	R 4.2.0; x86_64-pc-linux-gnu; 2025-12-15 23:06:15 UTC; unix	https://packagemanager.posit.co/cran/2025-11-11/bin/linux/trixie-x86_64/4.2/src/contrib/RcppEigen_0.3.4.0.2.tar.gz
12	glmnet	4.1-10	glmnet_4.1-10.tar.gz	1974585	5b3daa78735a114b1ae5fe072c4f92467dffa7a281069a05cd7c624624ae714d	R 4.2.0; x86_64-pc-linux-gnu; 2025-12-15 23:12:17 UTC; unix	https://packagemanager.posit.co/cran/2025-11-11/bin/linux/trixie-x86_64/4.2/src/contrib/glmnet_4.1-10.tar.gz
13	cli	3.6.5	cli_3.6.5.tar.gz	1291478	758e9cce619192d03df7149899f7722f08e549091ce68c6893fdfb91c4592c79	R 4.2.0; x86_64-pc-linux-gnu; 2025-12-15 23:09:30 UTC; unix	https://packagemanager.posit.co/cran/2025-11-11/bin/linux/trixie-x86_64/4.2/src/contrib/cli_3.6.5.tar.gz
14	R6	2.6.1	R6_2.6.1.tar.gz	85449	132cfd3e60aa74aaf1ab0e742920145aeceb383d0d9e7492c07e517e2649f955	R 4.2.0; ; 2025-12-15 22:54:16 UTC; unix	https://packagemanager.posit.co/cran/2025-11-11/bin/linux/trixie-x86_64/4.2/src/contrib/R6_2.6.1.tar.gz
15	desc	1.4.3	desc_1.4.3.tar.gz	321511	226715a0810539c0c43e82956c6cb2c62692cf68bd394798992546c17080fd71	R 4.2.0; ; 2025-12-15 23:10:33 UTC; unix	https://packagemanager.posit.co/cran/2025-11-11/bin/linux/trixie-x86_64/4.2/src/contrib/desc_1.4.3.tar.gz
16	fs	1.6.6	fs_1.6.6.tar.gz	299807	31b593fb545051a4f3917ad51a170a69f79d6585b179d17ee9b1dbdbf62fce54	R 4.2.0; x86_64-pc-linux-gnu; 2025-12-15 23:08:55 UTC; unix	https://packagemanager.posit.co/cran/2025-11-11/bin/linux/trixie-x86_64/4.2/src/contrib/fs_1.6.6.tar.gz
17	glue	1.8.0	glue_1.8.0.tar.gz	164323	705eefd0961a919b6054b33c9ab603c047922e03caa7fe0de8db287515260d5e	R 4.2.0; x86_64-pc-linux-gnu; 2025-12-15 23:06:14 UTC; unix	https://packagemanager.posit.co/cran/2025-11-11/bin/linux/trixie-x86_64/4.2/src/contrib/glue_1.8.0.tar.gz
18	rlang	1.1.6	rlang_1.1.6.tar.gz	1533400	ef17c31648e1b62d826f3ac7ee84722d68466c7b968f4db68afffc515c0671b8	R 4.2.0; x86_64-pc-linux-gnu; 2025-12-15 23:07:57 UTC; unix	https://packagemanager.posit.co/cran/2025-11-11/bin/linux/trixie-x86_64/4.2/src/contrib/rlang_1.1.6.tar.gz
19	lifecycle	1.0.4	lifecycle_1.0.4.tar.gz	123652	cc6cf831a2fec354ba5b16b66e3a13f6d654115085da327ec00028b22feb6417	R 4.2.0; ; 2025-12-15 23:12:08 UTC; unix	https://packagemanager.posit.co/cran/2025-11-11/bin/linux/trixie-x86_64/4.2/src/contrib/lifecycle_1.0.4.tar.gz
20	ps	1.9.1	ps_1.9.1.tar.gz	480253	e6509e56255415c3297406a86240df6dc38b0a7dbbddba957c512b86da5b052f	R 4.2.0; x86_64-pc-linux-gnu; 2025-12-15 23:08:35 UTC; unix	https://packagemanager.posit.co/cran/2025-11-11/bin/linux/trixie-x86_64/4.2/src/contrib/ps_1.9.1.tar.gz
21	processx	3.8.6	processx_3.8.6.tar.gz	328473	2b0fc8e71aa1a7841eb1cf1399b916663d2402ee997183484466f3cdc70ce181	R 4.2.0; x86_64-pc-linux-gnu; 2025-12-15 23:09:03 UTC; unix	https://packagemanager.posit.co/cran/2025-11-11/bin/linux/trixie-x86_64/4.2/src/contrib/processx_3.8.6.tar.gz
22	callr	3.7.6	callr_3.7.6.tar.gz	439426	b12338246a580cf15aee98e2767441b43d3a3564550875426baa61a54a6f2fe8	R 4.2.0; ; 2025-12-15 23:09:16 UTC; unix	https://packagemanager.posit.co/cran/2025-11-11/bin/linux/trixie-x86_64/4.2/src/contrib/callr_3.7.6.tar.gz
23	pkgbuild	1.4.8	pkgbuild_1.4.8.tar.gz	207051	c377eea6ce2d1a2f6eb334690f0f462e33d95875abaf08dc21794d30e03917e7	R 4.2.0; ; 2025-12-15 23:10:56 UTC; unix	https://packagemanager.posit.co/cran/2025-11-11/bin/linux/trixie-x86_64/4.2/src/contrib/pkgbuild_1.4.8.tar.gz
24	rprojroot	2.1.1	rprojroot_2.1.1.tar.gz	112076	f937acfdc3afdc0eaabda2316c415d3125f0845fa068f2a55604c3a2dee84f60	R 4.2.0; ; 2025-12-15 23:07:41 UTC; unix	https://packagemanager.posit.co/cran/2025-11-11/bin/linux/trixie-x86_64/4.2/src/contrib/rprojroot_2.1.1.tar.gz
25	pkgload	1.4.1	pkgload_1.4.1.tar.gz	216151	d125e612da97a828ddd94509480fb87caad7a21aa682c27383ed6a6592fc69da	R 4.2.0; ; 2025-12-15 23:13:11 UTC; unix	https://packagemanager.posit.co/cran/2025-11-11/bin/linux/trixie-x86_64/4.2/src/contrib/pkgload_1.4.1.tar.gz
26	brio	1.1.5	brio_1.1.5.tar.gz	32820	8784cab347b04f7d3f1c5668c320affecbd6d9f2c7dfbce033e3ab2222b84e1c	R 4.2.0; x86_64-pc-linux-gnu; 2025-12-15 23:06:56 UTC; unix	https://packagemanager.posit.co/cran/2025-11-11/bin/linux/trixie-x86_64/4.2/src/contrib/brio_1.1.5.tar.gz
27	evaluate	1.0.5	evaluate_1.0.5.tar.gz	99860	945555a9e7ad9768fadfaafeb119d6d7df242f43f2891cbd9723023928b0f83d	R 4.2.0; ; 2025-12-15 23:07:24 UTC; unix	https://packagemanager.posit.co/cran/2025-11-11/bin/linux/trixie-x86_64/4.2/src/contrib/evaluate_1.0.5.tar.gz
28	magrittr	2.0.4	magrittr_2.0.4.tar.gz	218646	68ae843e270c4d5777f9e58eee3123310d9053486ea28ef190b5dd13c1a03e40	R 4.2.0; x86_64-pc-linux-gnu; 2025-12-15 23:07:14 UTC; unix	https://packagemanager.posit.co/cran/2025-11-11/bin/linux/trixie-x86_64/4.2/src/contrib/magrittr_2.0.4.tar.gz
29	praise	1.0.0	praise_1.0.0.tar.gz	15942	7dc81ae17ed1874d9fda2c0411e3e8788e17ac45bd7c85098b24b0305a1e96b1	R 4.2.0; ; 2025-12-15 23:07:47 UTC; unix	https://packagemanager.posit.co/cran/2025-11-11/bin/linux/trixie-x86_64/4.2/src/contrib/praise_1.0.0.tar.gz
30	crayon	1.5.3	crayon_1.5.3.tar.gz	161674	933732219b2d65fe1286a22e178067440695cb9729ef708adac8950f0120f76c	R 4.2.0; ; 2025-12-15 23:06:11 UTC; unix	https://packagemanager.posit.co/cran/2025-11-11/bin/linux/trixie-x86_64/4.2/src/contrib/crayon_1.5.3.tar.gz
31	diffobj	0.3.6	diffobj_0.3.6.tar.gz	999901	10758776787f8e999bf7bb1e5d4050d4f1bb176d2e321e23be1e4fb45bdbbe6e	R 4.2.0; x86_64-pc-linux-gnu; 2025-12-15 23:07:09 UTC; unix	https://packagemanager.posit.co/cran/2025-11-11/bin/linux/trixie-x86_64/4.2/src/contrib/diffobj_0.3.6.tar.gz
32	waldo	0.6.2	waldo_0.6.2.tar.gz	136224	d380d73a26a186dd922a1ce26eb089842edc1009deb3edfbae28ac4fb7ed5920	R 4.2.0; ; 2025-12-15 23:10:35 UTC; unix	https://packagemanager.posit.co/cran/2025-11-11/bin/linux/trixie-x86_64/4.2/src/contrib/waldo_0.6.2.tar.gz
33	withr	3.0.2	withr_3.0.2.tar.gz	216402	3eb61e1ce5b8cd0baa682838ddb8bf2ca44be4c9294fac4314795119e5622f6d	R 4.2.0; ; 2025-12-15 23:09:19 UTC; unix	https://packagemanager.posit.co/cran/2025-11-11/bin/linux/trixie-x86_64/4.2/src/contrib/withr_3.0.2.tar.gz
34	testthat	3.2.3	testthat_3.2.3.tar.gz	1904454	0d939f23160ae87781008a57ef3b8cc140cd63d0f829ffab90aa27cdac69dad3	R 4.2.0; x86_64-pc-linux-gnu; 2025-12-17 00:22:42 UTC; unix	https://packagemanager.posit.co/cran/2025-11-11/bin/linux/trixie-x86_64/4.2/src/contrib/testthat_3.2.3.tar.gz
35	FNN	1.1.4.1	FNN_1.1.4.1.tar.gz	127161	bad728ca0aede7f6b95db51567c5295c2e91601dd2e463cd07da1368cd0f94fd	R 4.2.0; x86_64-pc-linux-gnu; 2025-12-15 23:06:10 UTC; unix	https://packagemanager.posit.co/cran/2025-11-11/bin/linux/trixie-x86_64/4.2/src/contrib/FNN_1.1.4.1.tar.gz
36	irlba	2.3.5.1	irlba_2.3.5.1.tar.gz	291230	fa3d507b89aa0297c029683b95c926e4c4e1cd48f4b9c442d581e6ad25eb6fad	R 4.2.0; x86_64-pc-linux-gnu; 2025-12-16 04:55:31 UTC; unix	https://packagemanager.posit.co/cran/2025-11-11/bin/linux/trixie-x86_64/4.2/src/contrib/irlba_2.3.5.1.tar.gz
37	RcppAnnoy	0.0.22	RcppAnnoy_0.0.22.tar.gz	267883	30d63a48d6ab4a88510c0502257c4f15e685da7b0fe00800040155870dd413c1	R 4.2.0; x86_64-pc-linux-gnu; 2025-12-16 04:19:00 UTC; unix	https://packagemanager.posit.co/cran/2025-11-11/bin/linux/trixie-x86_64/4.2/src/contrib/RcppAnnoy_0.0.22.tar.gz
38	RSpectra	0.16-2	RSpectra_0.16-2.tar.gz	531265	28a45514775dfe29c64228c4570566d8d2856bfd8a4f4f70b1f4fd5fb13efa21	R 4.2.0; x86_64-pc-linux-gnu; 2025-12-15 23:07:20 UTC; unix	https://packagemanager.posit.co/cran/2025-11-11/bin/linux/trixie-x86_64/4.2/src/contrib/RSpectra_0.16-2.tar.gz
39	BH	1.87.0-1	BH_1.87.0-1.tar.gz	13350224	1aaf9babb8e2abbc187e136d2ba001628a7a6a740d65c6957e18e9e6cbbf3afe	R 4.2.0; ; 2025-12-16 18:36:59 UTC; unix	https://packagemanager.posit.co/cran/2025-11-11/bin/linux/trixie-x86_64/4.2/src/contrib/BH_1.87.0-1.tar.gz
40	sitmo	2.0.2	sitmo_2.0.2.tar.gz	169511	3aab834fdd32bd8b3b558d17b0e41fcd7d539a65985bbf9976cccb4bd11ce097	R 4.2.0; x86_64-pc-linux-gnu; 2025-12-16 04:16:34 UTC; unix	https://packagemanager.posit.co/cran/2025-11-11/bin/linux/trixie-x86_64/4.2/src/contrib/sitmo_2.0.2.tar.gz
41	dqrng	0.4.1	dqrng_0.4.1.tar.gz	211245	0bab05aa4df2ea2bb6b6a9f6fbc83fb704a8ee5003f5ea48b92545077f70cd34	R 4.2.0; x86_64-pc-linux-gnu; 2025-12-16 18:37:44 UTC; unix	https://packagemanager.posit.co/cran/2025-11-11/bin/linux/trixie-x86_64/4.2/src/contrib/dqrng_0.4.1.tar.gz
42	RcppProgress	0.4.2	RcppProgress_0.4.2.tar.gz	19759	0a4c049a5f9da1818b012d65cefecc9dd4265fb76fe4a5d0216e6e672d91a7d6	R 4.2.0; ; 2025-12-15 23:06:56 UTC; unix	https://packagemanager.posit.co/cran/2025-11-11/bin/linux/trixie-x86_64/4.2/src/contrib/RcppProgress_0.4.2.tar.gz
43	uwot	0.2.4	uwot_0.2.4.tar.gz	1007436	08e48ed8d9d8eeea04a1d459adfbada7dba9f2eaf91245f12544693571d67de9	R 4.2.0; x86_64-pc-linux-gnu; 2025-12-16 18:38:34 UTC; unix	https://packagemanager.posit.co/cran/2025-11-11/bin/linux/trixie-x86_64/4.2/src/contrib/uwot_0.2.4.tar.gz
