name	version	top_level_modules	requires_dist
cellpose	4.2.1.1	cellpose	numpy>=1.20.0||scipy||natsort||tifffile||tqdm||torch>=1.6||torchvision||opencv-python-headless||fastremap||imagecodecs||roifile||fill-voids||segment_anything||sphinx>=3.0; extra == "docs"||sphinxcontrib-apidoc; extra == "docs"||sphinx_rtd_theme; extra == "docs"||sphinx-argparse; extra == "docs"||pyqtgraph>=0.12.4; extra == "gui"||pyqt6; extra == "gui"||pyqt6.sip; extra == "gui"||qtpy; extra == "gui"||superqt; extra == "gui"||dask; extra == "distributed"||distributed; extra == "distributed"||dask_image; extra == "distributed"||pyyaml; extra == "distributed"||zarr; extra == "distributed"||dask_jobqueue; extra == "distributed"||bokeh; extra == "distributed"||pyarrow; extra == "distributed"||bioimageio.core; extra == "bioimageio"||pyqtgraph>=0.12.4; extra == "all"||pyqt6; extra == "all"||pyqt6.sip; extra == "all"||qtpy; extra == "all"||superqt; extra == "all"||dask; extra == "all"||distributed; extra == "all"||dask_image; extra == "all"||pyyaml; extra == "all"||zarr; extra == "all"||dask_jobqueue; extra == "all"||bokeh; extra == "all"||pyarrow; extra == "all"||nd2; extra == "all"||pynrrd; extra == "all"||bioimageio.core; extra == "all"
contourpy	1.3.2		numpy>=1.23||furo; extra == "docs"||sphinx>=7.2; extra == "docs"||sphinx-copybutton; extra == "docs"||bokeh; extra == "bokeh"||selenium; extra == "bokeh"||contourpy[bokeh,docs]; extra == "mypy"||bokeh; extra == "mypy"||docutils-stubs; extra == "mypy"||mypy==1.15.0; extra == "mypy"||types-Pillow; extra == "mypy"||contourpy[test-no-images]; extra == "test"||matplotlib; extra == "test"||Pillow; extra == "test"||pytest; extra == "test-no-images"||pytest-cov; extra == "test-no-images"||pytest-rerunfailures; extra == "test-no-images"||pytest-xdist; extra == "test-no-images"||wurlitzer; extra == "test-no-images"
cycler	0.12.1	cycler	ipython; extra == "docs"||matplotlib; extra == "docs"||numpydoc; extra == "docs"||sphinx; extra == "docs"||pytest; extra == "tests"||pytest-cov; extra == "tests"||pytest-xdist; extra == "tests"
easyocr	1.7.2	easyocr	torch||torchvision>=0.5||opencv-python-headless||scipy||numpy||Pillow||scikit-image||python-bidi||PyYAML||Shapely||pyclipper||ninja
fastremap	1.20.0	fastremap	numpy
filelock	3.29.4		
fill_voids	2.1.2	fill_voids	numpy||fastremap
fonttools	4.63.0	fontTools	lxml>=4.0; extra == "lxml"||brotli>=1.0.1; platform_python_implementation == "CPython" and extra == "woff"||brotlicffi>=0.8.0; platform_python_implementation != "CPython" and extra == "woff"||zopfli>=0.1.4; extra == "woff"||unicodedata2>=17.0.0; python_version <= "3.14" and extra == "unicode"||lz4>=1.7.4.2; extra == "graphite"||scipy; platform_python_implementation != "PyPy" and extra == "interpolatable"||munkres; platform_python_implementation == "PyPy" and extra == "interpolatable"||pycairo; extra == "interpolatable"||matplotlib; extra == "plot"||sympy; extra == "symfont"||xattr; sys_platform == "darwin" and extra == "type1"||skia-pathops>=0.5.0; extra == "pathops"||uharfbuzz>=0.45.0; extra == "repacker"||lxml>=4.0; extra == "all"||brotli>=1.0.1; platform_python_implementation == "CPython" and extra == "all"||brotlicffi>=0.8.0; platform_python_implementation != "CPython" and extra == "all"||zopfli>=0.1.4; extra == "all"||unicodedata2>=17.0.0; python_version <= "3.14" and extra == "all"||lz4>=1.7.4.2; extra == "all"||scipy; platform_python_implementation != "PyPy" and extra == "all"||munkres; platform_python_implementation == "PyPy" and extra == "all"||pycairo; extra == "all"||matplotlib; extra == "all"||sympy; extra == "all"||xattr; sys_platform == "darwin" and extra == "all"||skia-pathops>=0.5.0; extra == "all"||uharfbuzz>=0.45.0; extra == "all"
fsspec	2026.6.0		adlfs; extra == 'abfs'||adlfs; extra == 'adl'||pyarrow>=1; extra == 'arrow'||dask; extra == 'dask'||distributed; extra == 'dask'||pre-commit; extra == 'dev'||ruff>=0.5; extra == 'dev'||numpydoc; extra == 'doc'||sphinx; extra == 'doc'||sphinx-design; extra == 'doc'||sphinx-rtd-theme; extra == 'doc'||yarl; extra == 'doc'||dropbox; extra == 'dropbox'||dropboxdrivefs; extra == 'dropbox'||requests; extra == 'dropbox'||adlfs; extra == 'full'||aiohttp!=4.0.0a0,!=4.0.0a1; extra == 'full'||dask; extra == 'full'||distributed; extra == 'full'||dropbox; extra == 'full'||dropboxdrivefs; extra == 'full'||fusepy; extra == 'full'||gcsfs>2024.2.0; extra == 'full'||libarchive-c; extra == 'full'||ocifs; extra == 'full'||panel; extra == 'full'||paramiko; extra == 'full'||pyarrow>=1; extra == 'full'||pygit2; extra == 'full'||requests; extra == 'full'||s3fs>2024.2.0; extra == 'full'||smbprotocol; extra == 'full'||tqdm; extra == 'full'||fusepy; extra == 'fuse'||gcsfs>2024.2.0; extra == 'gcs'||pygit2; extra == 'git'||requests; extra == 'github'||gcsfs; extra == 'gs'||panel; extra == 'gui'||pyarrow>=1; extra == 'hdfs'||aiohttp!=4.0.0a0,!=4.0.0a1; extra == 'http'||libarchive-c; extra == 'libarchive'||ocifs; extra == 'oci'||s3fs>2024.2.0; extra == 's3'||paramiko; extra == 'sftp'||smbprotocol; extra == 'smb'||paramiko; extra == 'ssh'||aiohttp!=4.0.0a0,!=4.0.0a1; extra == 'test'||numpy; extra == 'test'||pytest; extra == 'test'||pytest-asyncio!=0.22.0; extra == 'test'||pytest-benchmark; extra == 'test'||pytest-cov; extra == 'test'||pytest-mock; extra == 'test'||pytest-recording; extra == 'test'||pytest-rerunfailures; extra == 'test'||requests; extra == 'test'||aiobotocore<3.0.0,>=2.5.4; extra == 'test-downstream'||dask[dataframe,test]; extra == 'test-downstream'||moto[server]<5,>4; extra == 'test-downstream'||pytest-timeout; extra == 'test-downstream'||xarray; extra == 'test-downstream'||adlfs; extra == 'test-full'||aiohttp!=4.0.0a0,!=4.0.0a1; extra == 'test-full'||backports-zstd; (python_version < '3.14') and extra == 'test-full'||cloudpickle; extra == 'test-full'||dask; extra == 'test-full'||distributed; extra == 'test-full'||dropbox; extra == 'test-full'||dropboxdrivefs; extra == 'test-full'||fastparquet; extra == 'test-full'||fusepy; extra == 'test-full'||gcsfs; extra == 'test-full'||jinja2; extra == 'test-full'||kerchunk; extra == 'test-full'||libarchive-c; extra == 'test-full'||lz4; extra == 'test-full'||notebook; extra == 'test-full'||numpy; extra == 'test-full'||ocifs; extra == 'test-full'||pandas<3.0.0; extra == 'test-full'||panel; extra == 'test-full'||paramiko; extra == 'test-full'||pyarrow; extra == 'test-full'||pyarrow>=1; extra == 'test-full'||pyftpdlib; extra == 'test-full'||pygit2; extra == 'test-full'||pytest; extra == 'test-full'||pytest-asyncio!=0.22.0; extra == 'test-full'||pytest-benchmark; extra == 'test-full'||pytest-cov; extra == 'test-full'||pytest-mock; extra == 'test-full'||pytest-recording; extra == 'test-full'||pytest-rerunfailures; extra == 'test-full'||python-snappy; extra == 'test-full'||requests; extra == 'test-full'||smbprotocol; extra == 'test-full'||tqdm; extra == 'test-full'||urllib3; extra == 'test-full'||zarr<3.2.0; extra == 'test-full'||zstandard; (python_version < '3.14') and extra == 'test-full'||tqdm; extra == 'tqdm'
gmpy2	2.3.0	gmpy2	sphinx>=4; extra == "docs"||sphinx-rtd-theme>=1; extra == "docs"||pytest; extra == "tests"||hypothesis; extra == "tests"||cython; extra == "tests"||mpmath; extra == "tests"||setuptools; extra == "tests"||numpy; python_version >= "3.11" and extra == "tests"
imagecodecs	2025.3.30	imagecodecs	numpy||matplotlib; extra == "all"||tifffile; extra == "all"||numcodecs; extra == "all"||pytest; extra == "test"||tifffile; extra == "test"||czifile; extra == "test"||blosc; extra == "test"||blosc2; extra == "test"||zstd; extra == "test"||lz4; extra == "test"||pyliblzfse; extra == "test"||python-lzf; extra == "test"||python-snappy; extra == "test"||bitshuffle; extra == "test"||zopflipy; extra == "test"||zarr<3; extra == "test"||numcodecs; extra == "test"
imageio	2.37.0	imageio	numpy||pillow>=8.3.2||wheel; extra == "build"||black; extra == "linting"||flake8; extra == "linting"||pytest; extra == "test"||pytest-cov; extra == "test"||fsspec[github]; extra == "test"||sphinx<6; extra == "docs"||numpydoc; extra == "docs"||pydata-sphinx-theme; extra == "docs"||imageio-ffmpeg; extra == "ffmpeg"||psutil; extra == "ffmpeg"||pillow-heif; extra == "pillow-heif"||av; extra == "pyav"||tifffile; extra == "tifffile"||astropy; extra == "fits"||rawpy; extra == "rawpy"||numpy>2; extra == "rawpy"||gdal; extra == "gdal"||itk; extra == "itk"||astropy; extra == "full"||av; extra == "full"||black; extra == "full"||flake8; extra == "full"||fsspec[github]; extra == "full"||gdal; extra == "full"||imageio-ffmpeg; extra == "full"||itk; extra == "full"||numpy>2; extra == "full"||numpydoc; extra == "full"||pillow-heif; extra == "full"||psutil; extra == "full"||pydata-sphinx-theme; extra == "full"||pytest; extra == "full"||pytest-cov; extra == "full"||rawpy; extra == "full"||sphinx<6; extra == "full"||tifffile; extra == "full"||wheel; extra == "full"||pytest; extra == "dev"||pytest-cov; extra == "dev"||fsspec[github]; extra == "dev"||black; extra == "dev"||flake8; extra == "dev"||astropy; extra == "all-plugins"||av; extra == "all-plugins"||imageio-ffmpeg; extra == "all-plugins"||numpy>2; extra == "all-plugins"||pillow-heif; extra == "all-plugins"||psutil; extra == "all-plugins"||rawpy; extra == "all-plugins"||tifffile; extra == "all-plugins"||av; extra == "all-plugins-pypy"||imageio-ffmpeg; extra == "all-plugins-pypy"||pillow-heif; extra == "all-plugins-pypy"||psutil; extra == "all-plugins-pypy"||tifffile; extra == "all-plugins-pypy"
Jinja2	3.1.6		MarkupSafe>=2.0||Babel>=2.7 ; extra == "i18n"
joblib	1.5.3	joblib	
kiwisolver	1.5.0	kiwisolver	
lazy-loader	0.5	lazy_loader	packaging||pytest>=8.0; extra == "test"||pytest-cov>=5.0; extra == "test"||coverage[toml]>=7.2; extra == "test"||pre-commit==4.3.0; extra == "lint"||changelist==0.5; extra == "dev"||spin==0.15; extra == "dev"
llvmlite	0.48.0	llvmlite	
MarkupSafe	3.0.3	markupsafe	
matplotlib	3.10.9		contourpy>=1.0.1||cycler>=0.10||fonttools>=4.22.0||kiwisolver>=1.3.1||numpy>=1.23||packaging>=20.0||pillow>=8||pyparsing>=3||python-dateutil>=2.7||meson-python<0.17.0,>=0.13.1; extra == "dev"||pybind11!=2.13.3,>=2.13.2; extra == "dev"||setuptools_scm<10,>=7; extra == "dev"||setuptools>=64; extra == "dev"
mpmath	1.4.1	mpmath	pytest>=6; extra == "tests"||numpy; extra == "tests"||packaging; extra == "tests"||pytest-timeout; extra == "tests"||matplotlib; extra == "tests"||pexpect; extra == "tests"||ipython; extra == "tests"||hypothesis; extra == "tests"||mpmath[tests]; extra == "develop"||flake518>=1.5; extra == "develop"||pytest-cov>=7; extra == "develop"||wheel; extra == "develop"||build; extra == "develop"||gmpy2>=2.3; extra == "gmpy2"||mpmath[gmpy2]; extra == "gmpy"||python-gmp; extra == "gmp"||sphinx; extra == "docs"||matplotlib; extra == "docs"||sphinxcontrib-autoprogram; extra == "docs"||pytest-xdist; extra == "ci"||diff_cover; extra == "ci"
munkres	1.1.4	munkres	
natsort	8.4.0	natsort	fastnumbers (>=2.0.0) ; extra == 'fast'||PyICU (>=1.0.0) ; extra == 'icu'
networkx	3.4.2	networkx	numpy>=1.24; extra == "default"||scipy!=1.11.0,!=1.11.1,>=1.10; extra == "default"||matplotlib>=3.7; extra == "default"||pandas>=2.0; extra == "default"||changelist==0.5; extra == "developer"||pre-commit>=3.2; extra == "developer"||mypy>=1.1; extra == "developer"||rtoml; extra == "developer"||sphinx>=7.3; extra == "doc"||pydata-sphinx-theme>=0.15; extra == "doc"||sphinx-gallery>=0.16; extra == "doc"||numpydoc>=1.8.0; extra == "doc"||pillow>=9.4; extra == "doc"||texext>=0.6.7; extra == "doc"||myst-nb>=1.1; extra == "doc"||intersphinx-registry; extra == "doc"||osmnx>=1.9; extra == "example"||momepy>=0.7.2; extra == "example"||contextily>=1.6; extra == "example"||seaborn>=0.13; extra == "example"||cairocffi>=1.7; extra == "example"||igraph>=0.11; extra == "example"||scikit-learn>=1.5; extra == "example"||lxml>=4.6; extra == "extra"||pygraphviz>=1.14; extra == "extra"||pydot>=3.0.1; extra == "extra"||sympy>=1.10; extra == "extra"||pytest>=7.2; extra == "test"||pytest-cov>=4.0; extra == "test"
ninja	1.13.0		
numba	0.65.1	numba	llvmlite<0.48,>=0.47.0dev0||numpy>=1.22||numpy<2.5,>=1.22
numpy	1.26.4		
opencv-python	5.0.0		
opencv-python-headless	5.0.0		
optree	0.19.1	optree	typing-extensions>=4.6.0||typing-extensions>=4.12.0; python_version >= "3.13"||attrs; extra == "attrs"||jax; extra == "jax"||numpy; extra == "numpy"||torch; extra == "torch"||cpplint; extra == "lint"||doc8; extra == "lint"||mypy; extra == "lint"||pre-commit; extra == "lint"||pyenchant; extra == "lint"||pylint[spelling]; extra == "lint"||ruff; extra == "lint"||xdoctest; extra == "lint"||pytest; extra == "test"||pytest-cov; extra == "test"||covdefaults; extra == "test"||rich; extra == "test"||typing-extensions==4.6.0; (python_version < "3.13" and platform_system == "Linux") and extra == "test"||typing-extensions==4.6.0; (python_version < "3.13" and platform_system == "Darwin") and extra == "test"||typing-extensions==4.6.0; (python_version < "3.13" and platform_system == "Windows") and extra == "test"||typing-extensions==4.12.0; (python_version >= "3.13" and platform_system == "Linux") and extra == "test"||typing-extensions==4.12.0; (python_version >= "3.13" and platform_system == "Darwin") and extra == "test"||typing-extensions==4.12.0; (python_version >= "3.13" and platform_system == "Windows") and extra == "test"||sphinx~=8.0; extra == "docs"||sphinx-autoapi; extra == "docs"||sphinx-autobuild; extra == "docs"||sphinx-autodoc-typehints; extra == "docs"||sphinx-copybutton; extra == "docs"||sphinx-rtd-theme; extra == "docs"||sphinxcontrib-bibtex; extra == "docs"||docutils; extra == "docs"||attrs; extra == "docs"||jax[cpu]; extra == "docs"||numpy; extra == "docs"||torch; extra == "docs"
packaging	26.2		
pandas	2.3.3		numpy>=1.22.4; python_version < "3.11"||numpy>=1.23.2; python_version == "3.11"||numpy>=1.26.0; python_version >= "3.12"||python-dateutil>=2.8.2||pytz>=2020.1||tzdata>=2022.7||hypothesis>=6.46.1; extra == "test"||pytest>=7.3.2; extra == "test"||pytest-xdist>=2.2.0; extra == "test"||pyarrow>=10.0.1; extra == "pyarrow"||bottleneck>=1.3.6; extra == "performance"||numba>=0.56.4; extra == "performance"||numexpr>=2.8.4; extra == "performance"||scipy>=1.10.0; extra == "computation"||xarray>=2022.12.0; extra == "computation"||fsspec>=2022.11.0; extra == "fss"||s3fs>=2022.11.0; extra == "aws"||gcsfs>=2022.11.0; extra == "gcp"||pandas-gbq>=0.19.0; extra == "gcp"||odfpy>=1.4.1; extra == "excel"||openpyxl>=3.1.0; extra == "excel"||python-calamine>=0.1.7; extra == "excel"||pyxlsb>=1.0.10; extra == "excel"||xlrd>=2.0.1; extra == "excel"||xlsxwriter>=3.0.5; extra == "excel"||pyarrow>=10.0.1; extra == "parquet"||pyarrow>=10.0.1; extra == "feather"||tables>=3.8.0; extra == "hdf5"||pyreadstat>=1.2.0; extra == "spss"||SQLAlchemy>=2.0.0; extra == "postgresql"||psycopg2>=2.9.6; extra == "postgresql"||adbc-driver-postgresql>=0.8.0; extra == "postgresql"||SQLAlchemy>=2.0.0; extra == "mysql"||pymysql>=1.0.2; extra == "mysql"||SQLAlchemy>=2.0.0; extra == "sql-other"||adbc-driver-postgresql>=0.8.0; extra == "sql-other"||adbc-driver-sqlite>=0.8.0; extra == "sql-other"||beautifulsoup4>=4.11.2; extra == "html"||html5lib>=1.1; extra == "html"||lxml>=4.9.2; extra == "html"||lxml>=4.9.2; extra == "xml"||matplotlib>=3.6.3; extra == "plot"||jinja2>=3.1.2; extra == "output-formatting"||tabulate>=0.9.0; extra == "output-formatting"||PyQt5>=5.15.9; extra == "clipboard"||qtpy>=2.3.0; extra == "clipboard"||zstandard>=0.19.0; extra == "compression"||dataframe-api-compat>=0.1.7; extra == "consortium-standard"||adbc-driver-postgresql>=0.8.0; extra == "all"||adbc-driver-sqlite>=0.8.0; extra == "all"||beautifulsoup4>=4.11.2; extra == "all"||bottleneck>=1.3.6; extra == "all"||dataframe-api-compat>=0.1.7; extra == "all"||fastparquet>=2022.12.0; extra == "all"||fsspec>=2022.11.0; extra == "all"||gcsfs>=2022.11.0; extra == "all"||html5lib>=1.1; extra == "all"||hypothesis>=6.46.1; extra == "all"||jinja2>=3.1.2; extra == "all"||lxml>=4.9.2; extra == "all"||matplotlib>=3.6.3; extra == "all"||numba>=0.56.4; extra == "all"||numexpr>=2.8.4; extra == "all"||odfpy>=1.4.1; extra == "all"||openpyxl>=3.1.0; extra == "all"||pandas-gbq>=0.19.0; extra == "all"||psycopg2>=2.9.6; extra == "all"||pyarrow>=10.0.1; extra == "all"||pymysql>=1.0.2; extra == "all"||PyQt5>=5.15.9; extra == "all"||pyreadstat>=1.2.0; extra == "all"||pytest>=7.3.2; extra == "all"||pytest-xdist>=2.2.0; extra == "all"||python-calamine>=0.1.7; extra == "all"||pyxlsb>=1.0.10; extra == "all"||qtpy>=2.3.0; extra == "all"||scipy>=1.10.0; extra == "all"||s3fs>=2022.11.0; extra == "all"||SQLAlchemy>=2.0.0; extra == "all"||tables>=3.8.0; extra == "all"||tabulate>=0.9.0; extra == "all"||xarray>=2022.12.0; extra == "all"||xlrd>=2.0.1; extra == "all"||xlsxwriter>=3.0.5; extra == "all"||zstandard>=0.19.0; extra == "all"
pillow	12.0.0	PIL	furo; extra == "docs"||olefile; extra == "docs"||sphinx>=8.2; extra == "docs"||sphinx-autobuild; extra == "docs"||sphinx-copybutton; extra == "docs"||sphinx-inline-tabs; extra == "docs"||sphinxext-opengraph; extra == "docs"||olefile; extra == "fpx"||olefile; extra == "mic"||arro3-compute; extra == "test-arrow"||arro3-core; extra == "test-arrow"||nanoarrow; extra == "test-arrow"||pyarrow; extra == "test-arrow"||check-manifest; extra == "tests"||coverage>=7.4.2; extra == "tests"||defusedxml; extra == "tests"||markdown2; extra == "tests"||olefile; extra == "tests"||packaging; extra == "tests"||pyroma>=5; extra == "tests"||pytest; extra == "tests"||pytest-cov; extra == "tests"||pytest-timeout; extra == "tests"||pytest-xdist; extra == "tests"||trove-classifiers>=2024.10.12; extra == "tests"||defusedxml; extra == "xmp"
pip	26.1.2		
pybind11	3.0.3		pybind11-global==3.0.3; extra == "global"
pybind11-global	3.0.3		
pyclipper	1.4.0	pyclipper	
pyparsing	3.3.2		railroad-diagrams ; extra == "diagrams"||jinja2 ; extra == "diagrams"
PySide6	6.10.2		
python-bidi	0.6.11		nox ; extra == 'dev'||pytest ; extra == 'dev'
python-dateutil	2.9.0.post0	dateutil	six>=1.5
pytz	2026.2	pytz	
PyWavelets	1.8.0		numpy<3,>=1.23||scipy>=1.9; extra == "optional"
PyYAML	6.0.3	_yaml;yaml	
roifile	2025.12.12	roifile	numpy||matplotlib; extra == "all"||tifffile; extra == "all"
scikit-image	0.25.2		numpy>=1.24||scipy>=1.11.4||networkx>=3.0||pillow>=10.1||imageio!=2.35.0,>=2.33||tifffile>=2022.8.12||packaging>=21||lazy-loader>=0.4||meson-python>=0.16; extra == "build"||ninja>=1.11.1.1; extra == "build"||Cython>=3.0.8; extra == "build"||pythran>=0.16; extra == "build"||numpy>=2.0; extra == "build"||spin==0.13; extra == "build"||build>=1.2.1; extra == "build"||pooch>=1.6.0; extra == "data"||pre-commit; extra == "developer"||ipython; extra == "developer"||tomli; python_version < "3.11" and extra == "developer"||sphinx>=8.0; extra == "docs"||sphinx-gallery[parallel]>=0.18; extra == "docs"||numpydoc>=1.7; extra == "docs"||sphinx-copybutton; extra == "docs"||matplotlib>=3.7; extra == "docs"||dask[array]>=2023.2.0; extra == "docs"||pandas>=2.0; extra == "docs"||seaborn>=0.11; extra == "docs"||pooch>=1.6; extra == "docs"||tifffile>=2022.8.12; extra == "docs"||myst-parser; extra == "docs"||intersphinx-registry>=0.2411.14; extra == "docs"||ipywidgets; extra == "docs"||ipykernel; extra == "docs"||plotly>=5.20; extra == "docs"||kaleido==0.2.1; extra == "docs"||scikit-learn>=1.2; extra == "docs"||sphinx_design>=0.5; extra == "docs"||pydata-sphinx-theme>=0.16; extra == "docs"||PyWavelets>=1.6; extra == "docs"||pytest-doctestplus; extra == "docs"||SimpleITK; extra == "optional"||astropy>=5.0; extra == "optional"||cloudpickle>=1.1.1; extra == "optional"||dask[array]>=2023.2.0; extra == "optional"||matplotlib>=3.7; extra == "optional"||pooch>=1.6.0; extra == "optional"||pyamg>=5.2; extra == "optional"||PyWavelets>=1.6; extra == "optional"||scikit-learn>=1.2; extra == "optional"||asv; extra == "test"||numpydoc>=1.7; extra == "test"||pooch>=1.6.0; extra == "test"||pytest>=8; extra == "test"||pytest-cov>=2.11.0; extra == "test"||pytest-localserver; extra == "test"||pytest-faulthandler; extra == "test"||pytest-doctestplus; extra == "test"
scikit-learn	1.7.2		numpy>=1.22.0||scipy>=1.8.0||joblib>=1.2.0||threadpoolctl>=3.1.0||numpy>=1.22.0; extra == "build"||scipy>=1.8.0; extra == "build"||cython>=3.0.10; extra == "build"||meson-python>=0.17.1; extra == "build"||numpy>=1.22.0; extra == "install"||scipy>=1.8.0; extra == "install"||joblib>=1.2.0; extra == "install"||threadpoolctl>=3.1.0; extra == "install"||matplotlib>=3.5.0; extra == "benchmark"||pandas>=1.4.0; extra == "benchmark"||memory_profiler>=0.57.0; extra == "benchmark"||matplotlib>=3.5.0; extra == "docs"||scikit-image>=0.19.0; extra == "docs"||pandas>=1.4.0; extra == "docs"||seaborn>=0.9.0; extra == "docs"||memory_profiler>=0.57.0; extra == "docs"||sphinx>=7.3.7; extra == "docs"||sphinx-copybutton>=0.5.2; extra == "docs"||sphinx-gallery>=0.17.1; extra == "docs"||numpydoc>=1.2.0; extra == "docs"||Pillow>=8.4.0; extra == "docs"||pooch>=1.6.0; extra == "docs"||sphinx-prompt>=1.4.0; extra == "docs"||sphinxext-opengraph>=0.9.1; extra == "docs"||plotly>=5.14.0; extra == "docs"||polars>=0.20.30; extra == "docs"||sphinx-design>=0.5.0; extra == "docs"||sphinx-design>=0.6.0; extra == "docs"||sphinxcontrib-sass>=0.3.4; extra == "docs"||pydata-sphinx-theme>=0.15.3; extra == "docs"||sphinx-remove-toctrees>=1.0.0.post1; extra == "docs"||towncrier>=24.8.0; extra == "docs"||matplotlib>=3.5.0; extra == "examples"||scikit-image>=0.19.0; extra == "examples"||pandas>=1.4.0; extra == "examples"||seaborn>=0.9.0; extra == "examples"||pooch>=1.6.0; extra == "examples"||plotly>=5.14.0; extra == "examples"||matplotlib>=3.5.0; extra == "tests"||scikit-image>=0.19.0; extra == "tests"||pandas>=1.4.0; extra == "tests"||pytest>=7.1.2; extra == "tests"||pytest-cov>=2.9.0; extra == "tests"||ruff>=0.11.7; extra == "tests"||mypy>=1.15; extra == "tests"||pyamg>=4.2.1; extra == "tests"||polars>=0.20.30; extra == "tests"||pyarrow>=12.0.0; extra == "tests"||numpydoc>=1.2.0; extra == "tests"||pooch>=1.6.0; extra == "tests"||conda-lock==3.0.1; extra == "maintenance"
scipy	1.15.2		numpy<2.5,>=1.23.5||pytest; extra == "test"||pytest-cov; extra == "test"||pytest-timeout; extra == "test"||pytest-xdist; extra == "test"||asv; extra == "test"||mpmath; extra == "test"||gmpy2; extra == "test"||threadpoolctl; extra == "test"||scikit-umfpack; extra == "test"||pooch; extra == "test"||hypothesis>=6.30; extra == "test"||array-api-strict<2.1.1,>=2.0; extra == "test"||Cython; extra == "test"||meson; extra == "test"||ninja; sys_platform != "emscripten" and extra == "test"||sphinx<8.0.0,>=5.0.0; extra == "doc"||intersphinx_registry; extra == "doc"||pydata-sphinx-theme>=0.15.2; extra == "doc"||sphinx-copybutton; extra == "doc"||sphinx-design>=0.4.0; extra == "doc"||matplotlib>=3.5; extra == "doc"||numpydoc; extra == "doc"||jupytext; extra == "doc"||myst-nb; extra == "doc"||pooch; extra == "doc"||jupyterlite-sphinx>=0.16.5; extra == "doc"||jupyterlite-pyodide-kernel; extra == "doc"||mypy==1.10.0; extra == "dev"||typing_extensions; extra == "dev"||types-psutil; extra == "dev"||pycodestyle; extra == "dev"||ruff>=0.0.292; extra == "dev"||cython-lint>=0.12.2; extra == "dev"||rich-click; extra == "dev"||doit>=0.36.0; extra == "dev"||pydevtool; extra == "dev"
segment-anything	1.0	segment_anything	matplotlib ; extra == 'all'||pycocotools ; extra == 'all'||opencv-python ; extra == 'all'||onnx ; extra == 'all'||onnxruntime ; extra == 'all'||flake8 ; extra == 'dev'||isort ; extra == 'dev'||black ; extra == 'dev'||mypy ; extra == 'dev'
setuptools	83.0.0	_distutils_hack;setuptools	pytest!=8.1.*,>=6; extra == "test"||virtualenv>=13.0.0; extra == "test"||wheel>=0.44.0; extra == "test"||pip>=19.1; extra == "test"||packaging>=24.2; extra == "test"||jaraco.envs>=2.2; extra == "test"||pytest-xdist>=3; extra == "test"||jaraco.path>=3.7.2; extra == "test"||build[virtualenv]>=1.0.3; extra == "test"||filelock>=3.4.0; extra == "test"||ini2toml[lite]>=0.14; extra == "test"||tomli-w>=1.0.0; extra == "test"||pytest-timeout; extra == "test"||pytest-perf; sys_platform != "cygwin" and extra == "test"||jaraco.develop>=7.21; (python_version >= "3.9" and sys_platform != "cygwin") and extra == "test"||pytest-home>=0.5; extra == "test"||pytest-subprocess; extra == "test"||pyproject-hooks!=1.1; extra == "test"||jaraco.test>=5.5; extra == "test"||sphinx>=3.5; extra == "doc"||jaraco.packaging>=9.3; extra == "doc"||rst.linker>=1.9; extra == "doc"||furo; extra == "doc"||sphinx-lint; extra == "doc"||jaraco.tidelift>=1.4; extra == "doc"||pygments-github-lexers==0.0.5; extra == "doc"||sphinx-favicon; extra == "doc"||sphinx-inline-tabs; extra == "doc"||sphinx-reredirects; extra == "doc"||sphinxcontrib-towncrier; extra == "doc"||sphinx-notfound-page<2,>=1; extra == "doc"||pyproject-hooks!=1.1; extra == "doc"||towncrier<24.7; extra == "doc"||packaging>=24.2; extra == "core"||more_itertools>=8.8; extra == "core"||jaraco.text>=3.7; extra == "core"||importlib_metadata>=6; python_version < "3.10" and extra == "core"||tomli>=2.0.1; python_version < "3.11" and extra == "core"||wheel>=0.43.0; extra == "core"||jaraco.functools>=4; extra == "core"||more_itertools; extra == "core"||pytest-checkdocs>=2.14; extra == "check"||pytest-ruff>=0.2.1; sys_platform != "cygwin" and extra == "check"||ruff>=0.13.0; sys_platform != "cygwin" and extra == "check"||pytest-cov; extra == "cover"||pytest-enabler>=3.4; extra == "enabler"||pytest-mypy>=1.0.1; platform_python_implementation != "PyPy" and extra == "type"||mypy==1.18.*; extra == "type"||importlib_metadata>=7.0.2; python_version < "3.10" and extra == "type"||jaraco.develop>=7.21; sys_platform != "cygwin" and extra == "type"
shapely	2.1.2	shapely	numpy>=1.21||pytest; extra == "test"||pytest-cov; extra == "test"||scipy-doctest; extra == "test"||numpydoc==1.1.*; extra == "docs"||matplotlib; extra == "docs"||sphinx; extra == "docs"||sphinx-book-theme; extra == "docs"||sphinx-remove-toctrees; extra == "docs"
shiboken6	6.10.2		
six	1.17.0	six	
sympy	1.14.0	isympy;sympy	mpmath<1.5,>=1.1.0||pytest>=7.1.0; extra == "dev"||hypothesis>=6.70.0; extra == "dev"
threadpoolctl	3.6.0		
tifffile	2025.5.10	tifffile	numpy||imagecodecs>=2024.12.30; extra == "codecs"||defusedxml; extra == "xml"||lxml; extra == "xml"||zarr<3; extra == "zarr"||fsspec; extra == "zarr"||matplotlib; extra == "plot"||imagecodecs>=2024.12.30; extra == "all"||matplotlib; extra == "all"||defusedxml; extra == "all"||lxml; extra == "all"||zarr<3; extra == "all"||fsspec; extra == "all"||pytest; extra == "test"||imagecodecs; extra == "test"||czifile; extra == "test"||cmapfile; extra == "test"||oiffile; extra == "test"||lfdfiles; extra == "test"||psdtags; extra == "test"||roifile; extra == "test"||lxml; extra == "test"||zarr<3; extra == "test"||dask; extra == "test"||xarray; extra == "test"||fsspec; extra == "test"||defusedxml; extra == "test"||ndtiff; extra == "test"
torch	2.12.1	functorch;torch;torchgen	filelock||typing-extensions>=4.10.0||sympy>=1.13.3||networkx>=2.5.1||jinja2||fsspec>=0.8.5
torchvision	0.27.1	torchvision	numpy||torch (==2.12.1)||pillow (!=8.3.*,>=5.3.0)||gdown (>=4.7.3) ; extra == 'gdown'||scipy ; extra == 'scipy'
tornado	6.5.7	tornado	
tqdm	4.68.3	tqdm	colorama; platform_system == "Windows"||requests; extra == "discord"||envwrap; extra == "discord"||slack-sdk; extra == "slack"||envwrap; extra == "slack"||requests; extra == "telegram"||envwrap; extra == "telegram"||ipywidgets>=6; extra == "notebook"
triton	3.7.1	triton	importlib-metadata; python_version < "3.10"||cmake<4.0,>=3.20; extra == "build"||lit; extra == "build"||autopep8; extra == "tests"||isort; extra == "tests"||numpy; extra == "tests"||pytest; extra == "tests"||pytest-forked; extra == "tests"||pytest-xdist; extra == "tests"||scipy>=1.7.1; extra == "tests"||llnl-hatchet; extra == "tests"||matplotlib; extra == "tutorials"||pandas; extra == "tutorials"||tabulate; extra == "tutorials"
typing_extensions	4.16.0		
tzdata	2026.2	tzdata	
unicodedata2	17.0.1	unicodedata2	pytest; extra == "testing"||coverage; extra == "testing"||pytest-xdist; extra == "testing"||pytest-randomly; extra == "testing"
wheel	0.47.0		packaging >= 24.0
